LOC_Os01g09280,MTRRCSHCSNNGHNARTCPARGGGGGGGGVRLFGVRLTSPPEVAMKKSASMSCIASSLGSGGGSGGSSPAGTGRGGGGGGEGAAGYASDDPTHASCSTNGRGERKKGTPWTEEEHRMFLMGLQKLGKGDWRGISRNFVVSRTPTQVASHAQKYFIRQTNSSRRKRRSSLFDMVPEMPMDESPVVVEQLMLHSTQDEATSSNQLPISHLVKQKEPEFARHLSDLQLRKHEESEFTEPSLAALDLEMNHAAPFKTKFVLTMPTFYPALIPVPLTLWPPNVANVGESGTNHEILKPTPVNGKEVINKADEVVGMSKLTIGDGSSNSIEPSALSLQLTGPTNTRQSAFHVNPPMAGPDLNKRNNSPIHAV
LOC_Os01g12440,MMMWPLEMEEGFVALKRTEHVEVTSLAVAVEATPSAKGGKGKVVVGGGGAGGGVGPTRVRVFCDDFDATDSSSDEDEEEVTARRRVKRYVQEIRLQRAAAVAVPPVKVKGEEVFPAAVSAKMAEAAKARVVLAAGRKRKAGGVDGAEPRFRGVRRRPWGKYAAEIRDPWRRVRVWLGTFDTAEEAAKVYDTAAIQLRGRDATTNFNQSGDSASLDVPPEVAERVPQPPGASKNASPATSYDSGEESHAAAASPTSVLRSFPPSAVVATADTANKKQPPPPPLVVRETDESVDVFGCSFSDDGGFAGELPPLYTDFDLLADFPEPPLDFLSNLPVEPFSLAPFSSNNGSPDLHLDDAPSPAAAQVDDFFQDITDLFQIPVV
LOC_Os01g13460,MVMKMEADEDGANGGTGGTWTDEDRALTASVLGTDAFAYLTKGGGAISEGLVAASLPVDLQNRLQELVESDRPGAGWNYAIFWQLSRTKSGDLVLGWGDGSCREPHDGEMGPAASAGSDEAKQRMRKRVLQRLHSAFGGVDEEDYAPGIDQVTDTEMFFLASMYFAFPRRAGGPGQVFAAGVPLWIPNTERNVFPANYCYRGYLANAAGFRTIVLVPFETGVLELGSMQQVAESSDTLQTIRSVFAGAIGNKAGVQRHEGSGPTDKSPGLAKIFGKDLNLGRPSAGPGTGVSEADERSWEQRTGGGSSLLPNVQRGLQNFTWSQARGLNSHQQKFGNGILIVSNEATPRNNGGVDSSTATQFQLQKAPPLQKLPQLQKSHQLVKPQQLVSQQQLQPQAPRQIDFSAGTSSKPGVLTKKPAGIDGDGAEVDGLCKDEGPPPALEDRRPRKRGRKPANGREEPLNHVEAERQRREKLNQRFYALRAVVPNISKMDKASLLGDAITYITDLQKKLKEMEVERERLIESGMIDPRDRTPRPEVDIQVVQDEVLVRVMSPMESHPVRAIFQAFEEAEVHAGESKITSNNGTAVHSFIIKCPGAEQQTREKVIAAMSRVMNSG
LOC_Os01g19694,MEDLYSIHPGISRVGGAASEASGVGVVVGGGGGSSSSDLTELMKAQIAGHPRYPTLLSAYIECRKVGAPPEVASLLKEIGRERRAGGGGGGAGQIGVDPELDEFMEAYCRVLVRYKEELSRPFDEAASFLSSIQTQLSNLCSGATSPPATTATHSDEMVGSSDEDQCSGETDMLDIGQEQSSRLADHELKEMLLKKYSGCLSRLRSEFLKKRKKGKLPKDARSALLEWWNTHYRWPYPTEEDKLRLAARTGLDPKQINNWFINQRKRHWKPSDGMRFALMEGVAGGSSGTTLYFDTGTIGP
LOC_Os01g39020,MLKPQTPRARRAAHPNSHMASSSSSSSLCRLLIPRPTTRRFSGGGGEGGMAAAAPVKREVKPEAGEGWGGGDLGVVPPPPRPMEGLGEAGPAPFVAKTYEMVADAATDAVVSWGPGGSGASFVVWDPHALAAGVLPRFFKHANFSSFVRQLNTYGFRKVTPDRWEFANEAFLAGQKHLLKNIKRRRVSKPLVDSQLRNKASVVFGQPEAPGEVVSLKRDRAALRAEVIMLKQQYNACKSQLIAMEEMVRNIERRQQQTIGFFAKVLTNPAFVQQVLLNYVNKNGLRGAAKRQRLMENEEQHADSPLNKGMEAASVMEADVSPGSTGCGTVGKVETTPMCNFQNIENMCDDVWEELDALPETGMEQEEKAGIGSFDVEEFVGRPCGWVDDCPYLVEPMQFVEH
LOC_Os01g39100,SCLKGDDCPYDHELSKYPCHNFMENGMCIRGDKCKFSHVIPTAEGPSTPDAKKSNASSVPEKANCQEQTSRQKTSTVYSGEPATSVPIKHHSILKNLAGISGNAQKVPVRIPRGIQFLPFNKARPDSSILHQDVVSTEKHKNPTGGPHQNFGRPQPADGKKLGKHNGHRSAPLLDEKDSSKQANLHPCSEPKKNSLPTTAAVPSSVSTQHEVSEASRILQEFLFGSGN
LOC_Os01g40670,MGAPKQRWTAEEEAALKAGVAKHGTGKWRTILRDPEFTALLRLRSNVDLKDKWRNLSVTAGGYGSRERARVALKGGKRGPKALAEPMDADEKNPDIDDNAIIDAQPLAVVVEPMQLESTPEKEKSVARLDDLILEAIKKLKEPSGSNRTTISSYIEEQYWPPEDFQRLLSTKLKALVATGKLIKVNQKYRIAPSSNSSGGKSIKVYSTGEMNIENNNVRQLSKPQVDAELDKMKSMSKEEAASFAARAVAEAEAAIAEAEEAARAAEAAEAEADAAKAFLDAVVTTMQNRNHASAMLRAC
LOC_Os01g42710,MSQLPLASQATTTDLVSTTAMQPQSEGIVDESLQPQHPPSSTAHDSPCLQDSVPLVPPPPSPYLNKEVGQMVCGSCRILLAYFRGAGYVHCTCCQTMNYVLEAHEVGKVHCGHCATLLMYPFGAPAVKCSLCLFVTEIGERNVRRRLSIEQPTRTNSSGLAEA
LOC_Os01g46870,MSRSRTVRIFWDDPDLTDSSGEDEGCGGRRVGSMVRELPPAQMPVAQAAAAAALPEQCSGGDGDMGRRVVGGGCTVGVGRRRLTKDGGPGAPSTKFRGVRRRPWGKFAAEIRDPWRGVRVWLGTFDTAEEAARVYDNAAIQLRGPSATTNFSASTNSAGAQDPVAVGYESGAESSPAVSSPTSVLRKVPSLCSLAEDKDDYEAGPCEPATAAGSNLTVLEEEELGEFVPFEDAPVYGGSSFWDFEPESGFLYAEPSSPETPWDAGATSSGEAQDYFQDLRDLFPLNPLPAIF
LOC_Os01g47710,MASSNRHWPSMFRSKHATQPWQTQPDMAGSPPSLLSGSSAGSAGGGGYSLKSSPFSSVGEERVPDPKPRWNPRPEQIRILEAIFNSGMVNPPRDEIPRIRMQLQEYGQVGDANVFYWFQNRKSRSKNKLRSGGTGRAGLGLGGNRASAPAAAHREAVAPSFTPPPPILPAPQPVQPQQQLVSPVAAPTSSSSSSSDRSSGSSKPARATSTQAMSVTTAMDLLSPLAAACHQQMLYQGQPLESPPAPAPKVHGIVPHDEPVFLQWPQSPCLSAVDLGAAILGGQYMHLPVPAPQPPSSPGAAGMFWGLCNDVQAPNNTGHKSCAWSAGLGQHWCGSADQLGLGKSSAASIATVSRPEEAHDVDATKHGLLQYGFGITTPQVHVDVTSSAAGVLPPVPSSPSPPNAAVTVASVAATASLTDFAASAISAGAVANNQFQGLADFGLVAGACSGAGAAAAAAAPEAGSSVAAVVCVSVAGAAPPLFYPAAHFNVRHYGDEAELLRYRGGSRTEPVPVDESGVTVEPLQQGAVYIVVM
LOC_Os01g48446,MSPSRPDEADPAADFGSHPTDQELVTKYLRRHVDSGGNPWRYVHEADVYAADPDDLTGKYSPAVASDGSRAWYFFTTVRSKSTGGQRRARAVGDGGCWHSEAGAKDVVGGIRSPRPIGRRQFFSFVNKEGPRRVRSGWIMVEIGLKYAQQNASSDELVLCKVYRSPRAPPAAAAANKSMAAPPPTATKSKTEEATPPPDDVKPVVAAAQTPDTKILRAAKEAAATGCKRKADVKSSGARRGKRLCSRCRAETSESDSETAVLDRSPSIEDETADSSEIHGSSDGKFIRFL
LOC_Os01g51610,MRGEERWQEQPALASHPSRATLRPRGWPRLGLAPTGVGSSCPPAPASELARHLARRAPVSASPPVLPPIKDQGARPPTLAASAAAASSPPPPPPPPIPPLPPSTSTSAARPTDMAGVTSKRRSSSASTSSSSGDGAAVSDRPRGVTRKRRSGGRCPRPAASLRPAAPRPSSHHTAGLRVILQKELRYSDVSQLGRIVLPKKEAEAYLPILTSKDGKKSLCMHDLQNAQLWTFKYRYWPNNKSRMYVLENTGDYVRTHDLQLGDSIVIYKDDENNRFVIGAKKAGDQQAATVPQVDEHISTLFPIFPIAQVDDYLSPMAPQVDISAFVPHADENHEIFDGILNSLPEIPVANVRYSDFFDPFDDGMDMANTLNANANQSASLHVTDDKSGHSLIPNPKSGPHM
LOC_Os01g52090,MDDGAAPAAAAAAELPSPSPSSSGTSPSPRSKRRRTDRYAQGFEFAPRPAPATATATAPAPTPARGTPEWSEGSTFALLDAWGDRFVRAGRRSLRADEWLEVSRLAAAAASRPPGYYSEQQCRNRIDTLRKKYRKEKERMRLAARRPDRPDRPSPSKWIYFDKMQSLMCPPPLPLQPPVVTRRRDTQPVPRQSWGLDAAEYVLGGCENAGTRDSGSGAELGEEQPNEAGAGKGEDFELLVESIRKLGDVYERVESSKRQHMAEVEWLRRDLQRDLEVRRREILEKAQAEIARLTEEDGEEGDLKEGEGDDNKRFGDDGGGEE
LOC_Os01g52680,MGRGRSEIKRIENPTQRQSTFYKRRDGLFKKARELAVLCDADLLLLLFSASGKLYHFLSPTVPSVREFVERYEATTHTKVWADIRQERRAELEKVGSMCDLLEKQLRFMTVDDGEEYTVPSLEALEHNLEAAMRKVRSEKDRKIGGEICYLQNIIRGRQEERYGLCDKIAHAQTLKDVECGSTSLSNGLDLKLGFN
LOC_Os01g53650,MAYETSSDHQLAAAAEFLAALQVHLAGAEASSPTWGGRCAYDEDFMMYEFKVRRCPRSRAHEWTSCPYAHPGEAARRRDPSHVTYTGEPCPDFRVAARAACPRGSGCPFAHGTFETWLHPSRYRTRPCRSGMLCARPVCFFAHNDKELRIVGDDAAAATPSPRSPFTTSEDSPPPSPMDMKQIVLAMQQMDARKATRSVAPKTDMLQQELEEDAPELGWVSDLLM
LOC_Os01g59350,MEGGRLGGAAASASAAAAADARGGMSGFAAPQHAIHTNLNNVQPTQVTDFGALAQSAGFRIEDLANLSTNGLFNLKSNAHTIINDPLQFENYVKSISPSNITTTATVTVVDPQTLVPQKGAQLNLVTIRTGNVENWGESTIADTSPRTDTSTDPDTDERNQMFEQGQLAAPTASDSSDRSKDKLDHKTLRRLAQNREAARKSRLRKKAYIQNLESSRLKLTQIEQELQRARQQGIFISTSSDQSHSASGNGALAFDMEYARWLEEHNKHINELRAAVNAHAGDNDLKSTVDSIMAHYNEIFKLKGVAAKADVFHVLSGMWKTPAERCFMWLGGFRSSELLKVRIYYYYIAPTYFEASPGGKMLT
LOC_Os01g59660,MYRVKSESDCDMIHQEQMDSPVADDGSSGGSPHRGGGPPLKKGPWTSAEDAILVDYVKKHGEGNWNAVQKNTGLFRCGKSCRLRWANHLRPNLKKGAFTAEEERLIIQLHSKMGNKWARMAAHLPGRTDNEIKNYWNTRIKRCQRAGLPIYPTSVCNQSSNEDQQCSSDFDCGENLSNDLLNANGLYLPDFTCDNFIANSEALPYAPHLSAVSISNLLGQSFASKSCSFMDQVNQTGMLKQSDGVLPGLSDTINGVISSVDQFSNDSEKLKQAVGFDYLHEANSTSKIIAPFGGALNGSHAFLNGNFSASRPTSGPLKMELPSLQDTESDPNSWLKYTVAPALQPTELVDPYLQSPAATPSVKSECASPRNSGLLEELIHEAQTLRSGKNQQTSVISSSSSVGTPCNTTVLSPEFDMCQEYWEEQHPGPFLNDCAPFSGNSFTESTPPVSAASPDIFQLSKVSPAQSTSMGSGEQVMGPKYEPGDTSPHPENFRPDALFSGNTADPSVFNNAIAMLLGNDLSIDCRPVLGDGIMFNSSSWSNMPHACEMSEFK
LOC_Os01g60960,MSTERERLDEIGKKIKREPDTAGVVVAAVAGTGTGTATPIEHRVPHRLGLGGAVNTVTPCAACKLLRRRCAQECPFAPYFSPHEPHKFAAVHKVFGASNVSKMLLEVGEAERADAASSLVYEANLRLRDPVYGCMGAISMLQQQVNALEAELEAVRAEIFKRRYRQAGAATGLMDDVQVHITAGFAAPPPPPSMHARDVVSVADAGGQGQELAGAPVISSASPPVYPAGQPSTSTTDYSSLNTSEHAAYFG
LOC_Os01g63510,MEALSGRVGVKCGRWNPTAEQVKVLTELFRAGLRTPSTEQIQRISTHLSAFGKVESKNVFYWFQNHKARERHHHKKRRRGASSPDSGSNDDDGRAAAHEGDADLVLQPPESKREARSYGHHHRLMTCYVRDVVETEAMWERPTREVETLELFPLKSYDLEVDKVRYVRGGGGEQCREISFFDVAAGRDPPLELRLCSFGL
LOC_Os01g64000,MASEMSKNVKVTDDQEVTSQERDQSGGTKVGGEEEIAPLARQSSILSLTLEELQNSLCEPGRNFGSMNMDEFVANIWNAEEFQATTGGCKGAMEEAKVVDSGSGSGDAGGSGLCRQGSFSLPLPLCQKTVEEVWTEINQAPAHTSAPASALQPHAGSGGVAANDRQVTLGEMTLEDFLVKAGVVRGSFTGQAAMGSGMVNGPVNPMQQGQGGPMMFPVGPVNAMYPVMGDGMGYPGGYNGMAIVPPPPPAQGAMVVVSPGSSDGMSAMTHADMMNCIGNGMMIENGTRKRPHREDGCAEKTVERRQRRMIKNRESAARSRARKQAYTVELEAELNYLKQENARLKEAEKTVLLTKKQMLVEKMMEQSKEKMNANRGGSQLRRSGSCMW
LOC_Os01g67970,MRPSPPPAAPAAEPVPPWLRSLPVAPEFRPTAAEFADPVSYILKIEPAAAPYGICKVVPPLPPPPKKATFSNLSRSFAALHPDDRSPSFPTRHQQVGLCPRRTRPGLKPVWRSSHRYTLPQFESKAGATRKSLLAGLNFPASRQLTPLDHEVLFWRASADRPIVVEYGSDMSGSGFSPCAAQPQPPPQQQPTARAAAHLGETAWNMRGVARSPGSLLRFMPEDVPGVTTPMLYVGMMFSWFAWHVEDHDLHSLNYMHLGAAKTWYGVPRDAALAFEDVVREHGYGGEVNPLETFATLGQKTTVMSPEVLVESGIPCCRLVQNAGEFVVTFPGSYHCGFSHGFNCGEASNIATPEWLRIAKEAAIRRASINRPPMVSHYQLLYDLALSMRFREPSNGEMETRSSRIKEKKKCEGEQLVKKMFIQNVIEDNELLSHLLNDGSSCIILPANAHDGPGLSTLRSTDQSNMNSRISHNLCSREEAPEASGCLSPNRNGDTRNCISSDTHNMEGDKGDIMSATGLLDQGLLSCVTCGILSFSCVAVLKPRDSTARYLMSADSNSINNQLSISGGSILADAPTNERNGVISRPYSEHCCNEIMADDAEIDKNSALDLLAFAHGGQPDPEEDPLEKILKIAHGINKSQPNSSNNVGCVGTKLSSSSTERQERPSSQNAHCNGSSVISNGPKGVRTRNKYQLKMVLSEGFQAKDIYSAKEKKVQSEPSSSKGDVKETIDVSGTENDVGCKSTTISVSEHRGSTKNMYSVKEKKVQSKPSSLKGTVKETVDVSGTENDARCKSITISVSEHRGSTPMTNSLAASIVKPDKDSSRMHVFCLEHAIEVEKQLHAIGGSNIMLICRPEYPKIEAEARLLGEEMGLVYDWKGIHFKEANMEDRQKIQEVLRDEEAIPTSSDWAVKLGINLYYSANLAKSPLYNKQMPYNRVIYRAFGCDSPNDSPVMFNTCERKQSHQKKIVVAGRWCGKVWMSKQVHPYLAHRVESQEAEEADRICSYHFDEKHKAEPVGNSSRVEASKRKSSSLTDVTESSNRRGEIPGEETNTKRPKHSQENNLRALETAAEVVVPSPAGTGLRVSSRIANRANKLKSKMEKEDVPSSRPKSNIKEKSSHASGQKSNVQEANANSASHLRAMPPKQKAEAEAKKQIRTPKPPKQAVEYSCDIEGCSMSFRTKRDLSLHKSDICPVKGCGKKFFSHKYLLQHRKVHTDDRPLTCPWKGCNMAFKWPWARTEHLRVHTGDRPYVCHEPGCAQTFRFVSDFSRHKRKTGHSVKKKKKAKS
LOC_Os01g68370,MDASAGSSAPAAEIRGEAARDDVFFADDTFPLLPDFPCLSSPSSSTFSSSSSSNSSSAFTTAAGGGCGGEPSEPASAADGFGELADIDQLLDLASLSVPWEAEQPLFPDDVGMMIEDAMSGQPHQADDCTGDGDTKAVMEAAGGGDDAGDACMEGSDAPDDLPAFFMEWLTSNREYISADDLRSIRLRRSTIEAAAARLGGGRQGTMQLLKLILTWVQNHHLQKKRPRTAIDDGAASSDPQLPSPGANPGYEFPSGGQEMGSAAATSWMPYQAFTPPAAYGGDAMYPGAAGPFPFQQSCSKSSVVVSSQPFSPPTAAAAGDMHASGGGNMAWPQQFAPFPVSSTSSYTMPSVVPPPFTAGFPGQYSGGHAMCSPRLAGVEPSSTKEARKKRMARQRRLSCLQQQRSQQLNLSQIHISGHPQEPSPRAAHSAPVTPSSAGCRSWGIWPPAAQIIQNPLSNKPNPPPATSKQPKPSPEKPKPKPQAAATAGAESLQRSTASEKRQAKTDKNLRFLLQKVLKQSDVGSLGRIVLPKEAEVHLPELKTRDGVSIPMEDIGTSQVWNMRYRFWPNNKSRMYLLENTGDFVRSNELQEGDFIVIYSDIKSGKYLIRGVKVRRAAQEQGNSSGAVGKHKHGSPEKPGVSSNTKAAGAEDGTGGDDSAEAAAAAAAGKADGGGCKGKSPHGVRRSRQEAAAAASMSQMAVSI
LOC_Os01g68700,MNCGPPDQLPPATAPSCFLNLNWDQSMDAAAGGHLDPALSSMVSSPASNSTGALHGISPQPHYGGGTPLSSPPKLNLSMMGQFHHYAAPPQVGGGGGGGGGLPILENLMPMGHLDQFLADPGFAERAARLSGFDARGGGGGGGYGGAGPAQFGLPDAGAAGASKEMELGNTRDESSVSDPAPGGAEIPPKGASDGNARKRKASGKGKGKDSPMSTSAAKEDSSGKRCKSTEESNAAAEENSGKGKAAQSNSENGGGKKQGKDSSSKPPEPPKDYIHVRARRGEATDSHSLAERVRREKISQRMKLLQDLVPGCNKVVGKAVMLDEIINYVQSLQRQVEFLSMKLATVNPQLDFNNLPNLLAKDMHQSCSPLQSSHFPLETSGAPLPYINQPQQGNPLGCGLTNGMDNQGSMHPLDPAFCRPMGSHHPFLNGVSDAASQVGAFWQDDLQSVVQMDMGQSQEIATSSNSYNGSLQTVHMKMEL
LOC_Os02g05450,MNTPEKKPLCYTSRRALQQRTESSSELISVSKRATRQNTPRKPDSPPKRTTRSSANLAKCIENKHHSSPLKRRRGSDAATGKSATGPTRRKHKQKRKNDESDEVSRMEKRARYLLIKIKQEQNLLDAYSGDGWNGHSREKIKPEKELQRAKKQIMKYKIAIRDVIHQLDLCSSSGSKDDSVIPPDGCHESVNPEHTICSRCKSHESFPDNNIIFCEGGCKLACHQKCLEPPFDKILPTTRHGRLCKHCSSKMKILDAINAHLGTSFTVKCPSSDIFKEAAEHFNSDDGLGQDWLSEYSGDEDYDPEENEASSSGEENKSADSNCSGSPLYSPNDDIPDFISADFNDAEGFCRESSNLGIDFGEDGLAEILTHQRPRRDVDYTQLNEQMFGEPIGNDEQSEDEDWGLNKRKKRRTGSTGVGTNSVEGRSDVKSNKKAQPRRKLFRIPPAAVEVLRKAFAENELPARSVKENLSTELGISFEKIDKWFKNTRCAALRDRKGESRYSGPSKRSRTSIEKAETSAKVDQMDNSCFLPLSEIINVPTRLQKGLDKKPKSINSPPRPQDNETCLSPTDKTKEGTPPTIKPSITDSSQLMNNNIGTEETAVSWVDTWASDALHFLDVSDDEHFFDVIEKVCGLENRLQRLKENMLSSSSSTDNNVAAESGLQNEVVLVPAAELKDKAS
LOC_Os02g05510,MSGHHEAKPYQPRRGPAPADEEAAPAAAADEAEAEAEVEAMERYEQEQEYEEGEEGEEEEYEGGEGVPMDADASAAAVAGMDPHGEMVPVAGGEAGGGYPHVASNTLTLSFQGEVYVFESVSAERVQAVLLLLGGRELAPGSGSVPSSSAAYSKKMNFPHRMASLMRFREKRKERNFDKKIRYTVRKEVALRMQRNRGQFTSSKSKAEEATSVITSSEGSPNWGAVEGRPPSAAECHHCGISAASTPMMRRGPDGPRTLCNACGLMWANKGTMREVTKGPPVPLQIVPAATNDVQNGIVEATGVEQHNSAVEEAVSAANGHESQSGVA
LOC_Os02g06584,MLGPPRRGPAYKTKLCALWQRGNCNRDTCSFAHGHGDIRRPPSSRGAFTHHPGRRDYRAGDFRGRIDRRFSPRRRHSPGRESRGHRPLYDRRPSSRERDSSYSRSPSRKSERRHEKKTDDGETNSSRSLSLSDNNDEKKKDKFSSGDEKEDHEKQLKQIRLDMEALRDDKTQMEVILDEKIDEVRKISSKVNDLEVQLRREKDECHRMTSKMKKFIKAHARFLKAQEEVKRSQARFERLGDLLASDILKRGANEEGSSVNEDLNERSPNTAATKKRSIPYSTSEEAKAVKKRRERDSDTMTRSDKYRSDVTDFDKTSKGTEATKSLYLKKKLWEDEKSKLGANIFTEKVKGSPVRHVLPSTGMAAHAIDDLNEAIELEDRHESIDALLENDADDKTRSPAIPLQPPPVVQNAYEQYEGDDEEVDVE
LOC_Os02g07800,MAMDPDAAEWPCIIQALPALPPSPSSTGVPRLPTMVQALPAATDPPPAAARLRRGAEPPSPRRTRSGGAPEWTPAETLALVAEVAAVDDGWSRSVSAFQKWAIVAENLAASRGRAARGRGRGRAASECRRRWEALAAEYGVVRRWEVRGAGGYWRMSAAARRKAGLPADFDAEVYGAMEALTLVEEALLADATAGAGGAEIGEKSAAAAEVGEGDEVEAGEEDGNGDRGEVGEEDEGEVGEDGEEEDGNEMVEVEDDGNADDKDAQPDGGNAAASDDLVCETGANNEGKKSQTDACELANKLQENAQHIHMLLKEEAGENENHNLAISSDSMETTRQKGDELIKSLGGLVSYLNQFTDLIKENGFENVVGMS
LOC_Os02g13310,MSGNPSFSQLGAVDAAMNGGYFMAASGNGADVPLFHPAMAPPHDHGGSFGYGDAAAAAMDVGAHFAAANNLVLASLATQLFGAAPAAAAHGHGDYLGATTPPEEEMGGGYDVAVGDSSGGAVSLACLGHGQPGDMAAGWCSTSARKPSCNWSSSNAGVHGGSYYLAGVPEAAGFVSAAAAASELSLSLCSKSSSDSMLNAGGDQCSSAASRSGLTQMSRVVVVEPEPPLVPYYPAANFAVVVARSRYAAVAQQVLNDAVGCVLGGVADAAADSASGVDSGSSRPSSCSVAGGAPSSAVSSNNQLIASSGEHTHGGGDASAQRLRSELLTMLQLMDQKYNQCLDEIQSTTARFNTLTHATARAAGMSSSSICAPFAHRAVSAMYHGLRRRIAGEIMSAAAAAGRPCRGGESSSAVTGGERERSWESAFIQKHWAVQQLRRGEQQCWRPQRGLPEKSVAVLKAWMFENFLRPYPKDSEKEMLAARSGLSRNQVSNWFINARVRLWKPMIEEMCEELKRSSGGGAGNQALAMEHMNSQDVVS
LOC_Os02g18370,SDKGLGAHYSPSLMELDNARPPELGMKFATLEDAQRFYETHALKTGFVAKRGTNYRRKKFTIECHKTGTSKLTPNPQRKRKKNIIERTQCQAKVVVKLNKGQWEYAAVRNEHNHPLCPSYSLRFSKRKRRRNPPSQKQLDVQRNSDQLTQADNLEERLSQPLISADSNEVNNKRMPRHAEISISTVEKEPVDKLQRAGDYQEQSSNGIDKNTERPIVDKLGDQTSSIDHSLQHTEEHNRSHDNVESSEAPSEDTSSESNSDSSSGDESDKELGKYFYPSFDELKNSRPPEPGMKFPSLQAAQRFYYAHALLTGFVGKRGTNYKRKKFHLECNKSGKMKLTKSSENPMKKRRSNLVEKTQCKARVIVKLDKGEWEFTAVRHEHNHPLCPSPLLARFIVDHKQMSTGEKSFLRVLQQNRVPPKKIMKIFRKLRVCFGDIPFENKDEHNIAQTEHRKANSDVESALKHFTELQIQNPEFLYVMQKDEDNTVTSIFWTDARLRIEYDIFGDLIMFDAAYSTDMYNMPFVPIIGINSHATPFLLGCALLKDEKVETFEWMLRTFLQVMGGKMPRAVITNQDTSMEKAFAELMPHVRLRFCKRHVMSKAQEKLGDFMTARGNINTDLHNLVGNSLVETEFEEGWVELIERYNASENQHLQLMWQTRKSWAPVYFREDLYPFIDSVGSNEGINSLFKGNMLPKDTIDKFIGQFKEIQENIAKVHEEDRFQSGADLKYISMQPIEQHAAHIYTREIFLKVQEELLHSTAFNVQEIQIGTVYRLEKVFNYENPEFDRNYFEVLAEPGINAFKCQCAKFTRDGIPCCHIFRLFTQFGINEIPEQYIMPRWTKKFREEQLKQNKEKLFDKHGIKDSENTLRYAMLMSKAAEICPKICHDEAKCSIFMQELDKIQEKLITESRENAQNDNPCREQGALQQEHRGSSSNTEQEQQHTGGL
LOC_Os02g18660,MARKRRAPTPPPPPPPPPEAESSADSSGEEEEEEEEEEEERESPVAPPPQKPSGRGAASSDEEEEEEEDSDTDTYAQGFQLRKVGGGDEEGEEVEGDSSESEPEPEPVKKESAKKAKAEAKKKRAAPEPAPSGKAKKAKPEKSSSAAAPEPAPSSGKSKKAAKAEAAKAAAAEPAPSTGKVSKYNLAPEPSPSSKSGKALSRWTTDDEVKILEVLVAHFKSHGTQLKVEGIIAAVGDSLERKSIKYSDMYEKVRRLKQRYEATAKKVEHGGDLPAKEDDLRMYQLSSEIWGKNAKDAGNSSKNKKGQAKKDKVSGDSKEAAKEDKVDEAAIAVNEKGGTLAENKKGKTNKQKTGMETKVGSSKEAALAASPTKGKKKGSHKDKLDEEAKSGTAKVTSTIATDDDDGTLGGSKREKAGKEELDGDTHIVMPKEATTTAASDDGTLVGSKKGKADNGKLDGDTHSVMPKEATAGTQNGGILTGGENHKEKVDKDANVPSIRREYAELQSLYPNLASFVNGIEAQHPCGSTFKRAFEFISDDKACTLESKIKKQKIAEVRMQLRLADTKKEVANALLGLLD
LOC_Os02g19804,MADGGGGGEAGSGGSAPVCSFVRKPPKNIRKRPTAPAGSDDDDEDGSGAIAAARAKKAPSSTSKLFFSSADGSSEPRRFQYESSRTIQASTDSRATATLETETEFDRDARAIRERQLKQAEESLKKNPSAPASSSGSGSGEVYKGIHGYTDYKAGFRREHTVSSEKAGGSHGPLRASAHIRLSARFDYQPDICKDYKETGYCGYGDSCKFMHDRGDYKSGWQIEKEWEEAEKARKRRIAMGGDGSDYEAGEEDDDDDEEALPFACYICREPFVDPVVTKCKHYFCEHCALKHHSKNKKCFVCNKPTLGIFNAAQEIRKKMAQDKKQ
LOC_Os02g33560,MSRSPHLPPRCPPLGPQITRRDDSLFTQSCRFPSEDPFVGEPPCWLDDLLADSGKSHTLPPLRRACSDSDAILDVLTSFQSPIYPIDEGDPQPVGEAGESFNAAAEGGGSGAGIEGSCVYGPNSPRQKTRLTSSESSMVNAVLENVPSNPLQYLMIDATSGVNCNVGAANGTGDTGDAVCHADQEKSLKRRSGQRSRVRKLQYIADLERTVDSLQNIGADLAVRVASLFQLRNALSMENKQLRRQITSLQQAKLIKDGQTQMLKKETERLKQLSVRHRRSRSVTSCFEANSFGGGDPSAINWQMLDMSKLSLNGGAVVPPRGGYGM
LOC_Os02g34260,ALSKIKCTFDLDVATRNPTGRTAFLNIILIDAAAGNGGALRGRGDGGHRGCADARHCRRRAWRRRRRLRAAARAVVGRAAAGGNRRRAARRRCAGGGDAGDHAGGANVAEAAAAVVVAAPATARRYRGVRRRPWGKWAAEIRDPRKAARVWLGTFRTAEDAARAYDAAALRFRGRRAKLNFPEEVSRPWQGHDVDHMSCSPPSISNARFLGSWTFGPPQPPSRSVAAAATTLLGGSHGGNGAENGRE
LOC_Os02g34370,MSQEEQRHGRQLPLATSGVITFNGVPLSPLTAGAESDGDDDDVVIVDACNNGKRKVGDGEEEGRGSQGGDDDDDVVAVHGGGGGGGNRACMFAVRERERRRRMNDMFAGIRRLVPNLPEKSSRVEIIDGAIAYIKMLQGEEVRMEAQKQELQRERDRLAMEVAAAAGGAGASSSSSSAAAAAVTVAAYGPAGAVGSSSSSAAAAARANTVVPVPQRAARGATAPTPRPVAPPQAGTWPLPAPAAMPPPPPPPTGAAAVAPPPSLKTWSWGDNVVVSVLGNIGNMTVRAPLRRTGVLAMASAALKRYNITAVTSLSGTDASRTQNMFMFYTIIDMPDRQPQFVHPKVFEAMYRAAAAEIAAWINCY
LOC_Os02g42950,MSSSSSSSAVFPLDHLAAPSPTEQLCYVHCNCCDTILAVGVPCSSLFKTVTVRCGHCANLLSVNLRGLLLPAPAPAPANQLHFGPSLLSPTSPHGLLDEVAFQTPSLLMEQAASASLSSITGRSSSSCASNAPAMQMPPAKPVQQEPELPKNAPASANRPPEKRQRVPSAYNRFIKDEIQRIKAGNPDISHREAFSAAAKNWAHFPHIHFGLMPDQGFKKTFKPQDGSEDILLKDSLYAAAAAAAAAAANMGVTPF
LOC_Os02g43170,MKVQCDVCAAEAASVFCCADEAALCDACDHRVHRANKLAGKHRRFSLLNPSASGRSPTSTTAPLCDICQEKRGFLFCKEDRAILCRECDVPVHTASELTMRHSRYLLTGVRLSSEPAASPAPPSEEENSSSFCCSADDAVPAPAAPATSHGGSSGSSSISEYLTTLPGWHVEDFLVDDATAEAAAAAAATSSGISANGPCQGVTRIGGLQESAGYPAWMAQQQLCCDGLVAGDASPASRERWVPQMYADQLAAGSKRSRTSTASSYSYW
LOC_Os02g43820,MDFSGDIDDLISLQLLHDQLLGVEADACLPVAVHHDGVAAFAEHQQGFHPAAFLPQQPMTMTPAGYVDMANDQYLGAHAAAGEAEAVYRAAAAEPVMIRFGGEVSPVSDPRRPPLTISLPPTSHAWAAAEAVHPAALLQAQTAAAAADPNDFRKYRGVRQRPWGKFAAEIRDPKKRGSRVWLGTYDTAIEAARAYDRAAFRMRGAKAILNFPNEVGSRGADFLAPPPPPPPPTTSTHGKRKRHETAAADPDVEVIGESSKSVKTETYTSPASSSLASTTTSTVTSSSTSPSPSSEAAACGGGGGELFVPPMPSSWSWDQLEGFFGILSPLSPHPQMGFPEVAVN
LOC_Os02g45570,MDEEKEADSPQPPSKLPRLSGADPNAGVVTMAAPPPPVGLGLGLGLGGDSRGERDVEASAAAAHKATALTFMQQQELEHQVLIYRYFAAGAPVPVHLVLPIWKSVASSSFGPHRFPSLAVMGLGNLCFDYRSSMEPDPGRCRRTDGKKWRCSRDVVPGHKYCERHVHRGRGRSRKPVEASAAATPANNGGGGGIVFSPTSVLLAHGTARAT
LOC_Os02g45850,MEFTTSSRFSKEEEDEEQDEAGRREIPFMTATAEAAPAPTSSSSSPAHHAASASASASASGSSTPFRSDDGAGASGSGGGGGGGGEAEVVEKEHMFDKVVTPSDVGKLNRLVIPKQYAEKYFPLDAAANEKGLLLNFEDRAGKPWRFRYSYWNSSQSYVMTKGWSRFVKEKRLDAGDTVSFSRGIGDEAARHRLFIDWKRRADTRDPLRLPRGLPLPMPLTSHYAPWGIGGGGGFFVQPSPPATLYEHRLRQGLDFRAFNPAAAMGRQVLLFGSARIPPQAPLLARAPSPLHHHYTLQPSGDGVRAAGSPVVLDSVPVIESPTTAAKRVRLFGVNLDNPHAGGGGGAAAGESSNHGNALSLQTPAWMRRDPTLRLLELPPHHHHGAESSAASSPSSSSSSKRDAHSALDLDL
LOC_Os02g46940,MELFPAHPDLQLQISPPPATKSMDLGFWKRALETSTTTTTAAAAASTGPSVATSSSPPVASGGVGGGAGGFYQQAAVAPAANGHGHGHGHHHHHHQHHQLGGALQFLHRTQPIPPQDAAAGGGLQDLAFARPIRGIPVYNTSRPLPFLQSHHLQHHQHCYADTIGVAPGAGPRSPSKQAAALRLAAAPAKRGARAPRMRWTTSLHARFVHAVELLGGHERATPKSVLELMDVKDLTLAHVKSHLQMYRTIKTTDHKQPAPPYGMCVYITLITHTKKKGEEASYRSMTIIEIPDDNLFDINNTSGSESSVQQQSNFDGNEQGSSMCALRSNNSSSRGAWFHDKSRDATHGDIKSFEIVLHYIAGRAVTEP
LOC_Os02g48060,MRMALVRERAMVYGGGCDAEAFGGGFESSQMGYGHDALLDIDAAALFGGYEAAASAGCALVQDGAAGWAGAGASSSVLAFDRAAQAEEAECDAWIEAMDQSYGAGGEAAPYRSTTAVAFDAATGCFSLTERATGGGGGAGGRQFGLLFPSTSGGGVSPERAAPAPAPRGSQKRAHAESSQAMSPSKKQCGAGRKAGKAKSAPTTPTKDPQSLAAKNRRERISERLRILQELVPNGTKVDLVTMLEKAISYVKFLQLQVKVLATDEFWPAQGGKAPEISQVKEALDAILSSSSPLMGQLMN
LOC_Os02g49370,MEAGYPGTAANGAAADGNGGAQQAAAAPAIREQDRLMPIANVIRIMRRVLPAHAKISDDAKETIQECVSEYISFITGEANERCQREQRKTITAEDVLWAMSRLGFDDYVEPLGVYLHRYREFEGESRGVGVGVGAARGDHHHGHVGGMLKSRAQGSMVTHHDMQMHAAMYGGGAVPPPPHPPPHHHAFHQLMPPHHGQYAPPYDMYGGEHGMAAYYGGMYAPGSGGDGSGSSGSGGAGTPQTVNFEHQHPFGYK
LOC_Os02g53150,MAPKRPTPPPPPPPVASSEETASGSDSDESEEEEEESPLAQPAPVVSNKGAESDSSGEEESEEEEEEDLVRSSATKSRDPPQENREEDDSSDEEEDESSESEKAEAPPPPPPNPAPKQGAEGNGPKVSSPKRQAFHRIWSTEDEVRILEALAAHRREHGSLPQTDALIATLAGSLDNTGYGRKELQGKVSTLKRRYESTAKKKGDLPSKGHDRRLYDLSKSVWGSEAAAAAVNGTTTAPREFGEMCELYPHLAEEVKLLEAAHPGLFKRDFGKLDDDKAHALDMKIKKQRIAEISVVLRRGDLTKEVTKVLAELVE
LOC_Os02g53690,MMMMSGRPSGGAGGGRYPFTASQWQELEHQALIYKYMASGTPIPSDLILPLRRSFLLDSALATSPSLAFPPQPSLGWGCFGMGFGRKAEDPEPGRCRRTDGKKWRCSKEAYPDSKYCEKHMHRGKNRSRKPVEMSLATPPPPSSSATSAASNTSAGVAPTTTTTSSPAPSYSRPAPHDAAPYQALYGGPYAAATARTPAAAAYHAQVSPFHLQLDTTHPHPPPSYYSMDHKEYAYGHATKEVHGEHAFFSDGTEREHHHAAAGHGQWQFKQLGMEPKQSTTPLFPGAGYGHTAASPYAIDLSKEDDDEKERRQQQQQQQQQHCFLLGADLRLEKPAGHDHAAAAQKPLRHFFDEWPHEKNSKGSWMGLEGETQLSMSIPMAANDLPITTTSRYHNDD
LOC_Os03g05480,MRIRRYAARLLASSTATAPSSLPPPPAASAAWCHAAADDCAICDLTRSASPQVVAPDAIKQKGHIAGRALEPELRSDPRVGLAERTPVPEDQGRDIDDGPPAKRSLTFTDAAARLEGSGNVGAGVATEPAARLGAPVANGAVSGQEDRAATCLADESAAELIATGVTSLVTGATAEPEVLKGASFANTNVTEPRVSERVPLVREAATEPEAEVSMREVTEGALPDGEGAAKLEITGGLSRESADKMEVTKGISLVTEASADSELAQRVPTEPGVELSLPEVTERVPVVTEDFTELGDTFSGLHITGFASLDNEGSVEQEVTGSGSLVNEATEMEVKEGTCIFTRVATELGDTGRVSACSGDGDIALDEPRPPDCVSEVANVNVGNAGEAVASKVQPFRDNAESVGGSINSTGNGHVSSKSPTADEAAPPGGCTDTPSVSCLSDIVARSIGKSGRTDIICYVRRRGKRKLEMVEVKEENVEMDDSAICDQYDDKVASERTGPCESVTSTAVSVEIKIADIKRELEDNSTASKGKKKRAKRFQCEIDYCRMTFKNRAELSVHKKNTCTVKSCGRHFRSHKYLRRHQSIHNDDMPYKCPWEGCSMAFKWSWDRGEHFQVHAGKRPYKCTTPGCSKIYKFVSDFTRHKRRCKPQR
LOC_Os03g07940,QRTSQFRGVTRHRWTGRYEAHLWDNTCRKEGQTRKGRQVYLGGYDKEEKAARAYDLAALKYWGPTTHINFPLSTYEKELEEMKHMTRQEFIAHLRRNSSGFSRGASMYRGVTRHHQHGRWQARIGRVAGNKDLYLGTFSTQEEAAEAYDIAAIKFRGLNAVTNFDISKYD
LOC_Os03g19900,MSPPTNGAISLAFPPMGPLPADALIYPFDGLSYDDFVLPVAAAPQHPLPVAVADPAPLLLLPPPSSCTCNGASSGMGAVAPRTLALGATTDGSVMTPTSWGSDGGGGGSSSARAVRSPSPVLPLVQGTGQRTSCYRGVTRHRWTGRYEAHLWDNTCRREGQKRKGRQVYLGGYDIEDKAARAYDLAALKYWGANATTNFPKESYVKEIEEMQKMSKQELVASLRRKSSGFSRGASIYRGVTRHHQHGRWQARIGRVAGNKDLYLGTFATEEEAAEAYDVAALKFRGANAVTNFEPSRYNLEAISQSDLPISVSGRRHNSSSNSNNPAPEAGGQITLMSSPPISQQSSSAPPYLIHNLLQFQPCGPPYAPPPPPPPPPPPPQALPLPGSYNFAEPVGFYWPYGDGEEQKVQLNSNMVGMASGGFLHLANAAN
LOC_Os03g20910,MEGSSNSPDRQSSGGSPPEERGGGGSGGGGGRSAAGEPVRSRWTPKPEQILILESIFNSGMVNPPKDETVRIRKLLERFGAVGDANVFYWFQNRRSRSRRRQRQMQAAAAAAAAAASSSSPSANTSPAAASAATVQVGLPPGAVVHTMAMGGSACQYEQQASSSSSSGSTGGSSLGLFAHGAGASGAGGYLQASCGASASASSALAPGLMGDVVDSGGSDDLFAISRQMGFVGSPRCSPASSPATPSSAATAAQQQFYSCQLPAATITVFINGVPMEMPRGPIDLRAMFGQDVMLVHSTGALLPVNDYGILMQSLQIGESYFLVARPP
LOC_Os03g21800,MQEPKHTDPAAMRGAHHRRARSEVAFRLPDDLDLGGGGAGAFDEIGSEDDLFSTFMDIEKISSGPAAAGGSDRDRAAETSSPPRPKHRHSSSVDGSGFFAAARKDAAASLAEVMEAKKAMTPEQLSELAAIDPKRAKRILANRQSAARSKERKARYITELERKVQTLQTEATTLSAQLTLFQRDTTGLSAENAELKIRLQAMEQQAQLRDALNDALKQELERLKLATGEMTNSNETYSMGLQHVPYNTPFFPLAQHNAARQNGGTQLPPQFQPPRPNVPNHMLSHPNGLQDIMQQDPLGRLQGLDISKGPLVVKSESSSISASESSSTF
LOC_Os03g33012,MAIKLNFDFSATFLFTYAKYLLLHLPIKICECIGLQMLPCFFAQGNFEMSHQQALAQVTAEAVHSPYSMINQSDFSLPFSSTTTSVLASQHVNSSANVSSPREIPTLPSHTDNSNIESTEVSHGFQTTALTEDKPADDGYNWRKYGQKAVKGGEYPRSYYKCTHLSCPVKKKVERSSDGQITQILYRGQHNHQRPPKRRSKDGGALLNEADVSPEKEDASTRSEQGSQDYSGKFKASNDGGPSSSRRGDRGEQISGSSDSNDQGEEEVKVEGRATSDGNANKRHVPAPAQRIIVQTTSEVDLLDDGYRWRKYGQKVVKGNPHPRAPCYLGPINYSKMGDPFYATTFHQMSSAMMSHWNVGLVLQVIDVDETQW
LOC_Os03g43670,MDIVPVVALCCCLVLLPSWAYGLGSMASIAVSYGEDGPVFCGLNSDGSHLVTCFGADASVVYGAPSRIPFVGVTAGDGFACGLLLDTNQPYCWGSNSYVKIGVPQPMVEGAMYSELSAGDNHLCALRTSVKGFHSVNGDTSVIDCWGYNMTATHTVTGAVSAISAGSVFNCGLFARNRTVFCWGDESVSGVIGLAPRNVRFQSIGAGGYHVCGVLENAQVFCWGRSLEMQQMSTPSSTDDGDVNIVPMDAMVSVVGGRFHACGIRSLDHQVACWGFTLQNSTLAPKGLRVYAIVAGDYFTCGVPAETSLKPMCWGHSGPLALPMAVSPGICVSDSCSHGYYEYANHGEVGSGSKTCKPANSRLCLPCSVGCPDDSYESSPCNATADRVCQFDCSKCASDECVSFCLSQKRTKNRKFMAFQLRIFVAEIAFAVILVFSVTAIACLYVRYKLRHCQCSKNELRLAKNTTYSFRKDNMKIQPDVEDLKIRRAQEFSYEELEQATGGFSEDSQVGKGSFSCVFKGILRDGTVVAVKRAIKASDVKKSSKEFHTELDLLSRLNHAHLLNLLGYCEDGSERLLVYEFMAHGSLYQHLHGKDPNLKKRLNWARRVTIAVQAARGIEYLHGYACPPVIHRDIKSSNILIDEDHNARVADFGLSILGPADSGTPLSELPAGTLGYLDPEYYRLHYLTTKSDVYSFGVVLLEILSGRKAIDMQFEEGNIVEWAVPLIKAGDISALLDPVLSPPSDLEALKKIAAVACKCVRMRAKDRPSMDKVTTALERALALLMGSPCIEQPILPTEVVLGSSRMHKKVSQRSSNHSCSENDLVDGDDQRIEYRAPSWITFPSVTSSQRRKSSASEADMDGRTTTDGRNVGSSIGDGLRSLEEEISPASPQENLYLQHNF
LOC_Os03g48450,MGLDNNFGELSGMFCGLSYDGYTDHGSQSDYFRFADPQPAIVPQMDAGPSSAASSTASRAAVSSGTDNPEDWEFISDESLNYISRMLMEEDIDEKVSMYQEESAALRAAAKPFYDILGHKFPPSPDRQLVAWPLDSPSESSTSSYPHSLASSVTSSNISGAVDSSQRRYVGHSEYRSLSGHSSQPPVGPSSDVRNAMETLEDPLISNGRIPEYLFESFPTWDFRRGVDEAQKFLPGSDKVVIDLEAGGVAKRQEAGKAISLNVSKAEVLKVKKNRQSEDLDVMEGRNSKQSAFCSDEPDWIEMFDVLLRQTEKKATDLRKMMRFEASKNSQVAQPKGPSGTRSRGRKPTKKDVVDLRTLLIHCAQAVAADDRRTANELLKQIRQHAKPNGDGSQRLAYCFADGLEARLAGTGSQLYHKLVAKRTTASDMLKAYHLYLAACPFKRLSHFLSNQTILSLTKNASKVHIIDFGIYFGFQWPCLIRRLFKREGGPPKLRITGIDVPQPGFRPTERIEETGQRLAEYAEKIGVPFEYQGIASKWETICVEDLNIKKDEVVIVNCLYRFRNLIDETVAIDSPRNRVLNTIRQVNPAIFIHGIVNGSYSVPFFITRFREALFHFSALFDMLETTVPRDDAQRALIERDLFGREALNVIACEGSDRVERPETYKQWQVRNLRAGFVQSPLNQDIVLKAKDKVKDIYHKDFVIDEDSEWLLQGWKGRIIYAISTWKPNNN
LOC_Os03g50110,MASDQTLPVPVSVELPPAAPNPPDPTAPLLPHADDPSAPPAAAAAARKLPVKRRSPPPRPSSPSSSDPASSDPAAKQQPQQPPPPFKFQRIWSESDELRFLQGLLGCGAQGLVFPRDLNVFYDRFSESMPSPYTRSQLSEKLRRLKNKFRGMSARVARGLDPARLAPHDRDVLHLCSRLWDPANAATSPFAAAGDASSGNKRRRAAPRAGPLMPPDPSGDSNSHDYNGGISAGTPGAFGDGHGGEEMMYLEQESGHFGYHGDVAIAADGSLDGIVKVQPETLPALPSIGDIAVHSENGNGKAVVPRSNEHHMANAVLDIFEECLREVKANGITYGANVNGGSELARRWRAQRIDELDVLSRRLRLLVEDAAAAGR
LOC_Os03g50900,EMFELSWKKVLDKYDLHDNSWLQSLYRIRQKWVPVYFKGVFTADLSASQRPESLRNIFEKYFNRRTALPVFISLFEHLMAGWSEREAVEDLATSFTRPVLRTPSNMMKQVSEIYTTTVFNILEEEFIGSLGYYISSLDNDGLIAVYSVTKEDTEATCRVRYDTSGNIAKCSCCKFESCGILCRHILRVFLALDVRTIPDVYILKRWTKEAKNGFVLDECLRYSELHRDALRYAREGSTSGEVFTFAQQTLQVAFAEVVQMKQETFSQCTIR
LOC_Os03g50920,MEQQQERPREVYRECMRNHAAKLGTYANDGCCEYTPDDGHPAGLLCAACGCHRNFHRKDFLDGRATAAAGGAGGAGVGVAPMLPAPGGGGPPGYMHMAAMGGAVGGGGGVDGGGGSGGRRRTRTKFTEEQKARMLRFAERLGWRMPKREPGRAPGDDEVARFCREIGVNRQVFKVWMHNHKAGGGGGGGGSGGPGAGGGAQTSSSTTRGGGDVGVGLSPAMGGDGEDDEEVRGSEMCM
LOC_Os03g51330,MAYMCADSGNLMAIAQQVIQQQQQQQQQQQRHHHHHHLPPPPPPQSMAPHHHQQKHHHHHQQMPAMPQAPPSSHGQIPGQLAYGGGAAWPAGEHFFADAFGASAGDAVFSDLAAAADFDSDGWMESLIGDAPFQDSDLERLIFTTPPPPVPSPPPTHAAATATATAATAAPRPEAAPALLPQPAAATPVACSSPSPSSADASCSAPILQSLLSCSRAAATDPGLAAAELASVRAAATDAGDPSERLAFYFADALSRRLACGTGAPPSAEPDARFASDELTLCYKTLNDACPYSKFAHLTANQAILEATGAATKIHIVDFGIVQGIQWAALLQALATRPEGKPTRIRITGVPSPLLGPQPAASLAATNTRLRDFAKLLGVDFEFVPLLRPVHELNKSDFLVEPDEAVAVNFMLQLYHLLGDSDELVRRVLRLAKSLSPAVVTLGEYEVSLNRAGFVDRFANALSYYRSLFESLDVAMTRDSPERVRVERWMFGERIQRAVGPEEGADRTERMAGSSEWQTLMEWCGFEPVPLSNYARSQADLLLWNYDSKYKYSLVELPPAFLSLAWEKRPLLTVSAWR
LOC_Os03g51690,MEEISHHFGVVGASGVHGGHQHQHHHHPWGSSLSAIVAPPPPPQLQQQQTQAGGMAHTPLTLNTAAAAVGNPVLQLANGSLLDACGKAKEASASASYAADVEAIKAKIISHPHYSSLLAAYLDCQKVGAPPEVAARLTAVAQDLELRQRTALGVLGAATEPELDQFMEAYHEMLVKYREELTRPLQEAMEFLRRVETQLNTLSISGRSLRNILSSGSSEEDQEGSGGETELPEIDAHGVDQELKHHLLKKYSGYLSSLKQELSKKKKKGKLPKDARQQLLNWWELHYKWPYPSESQKVALAESTGLDLKQINNWFINQRKRHWKPSDEMQFVMMDGYHPTNAAAFYMDGHFINDGGLYRLG
LOC_Os03g55164,MAEALVAVLRLAASAAATARPQSRSGRHGSCAARVPCPGPSPFRRGRLCARAAVAGPPEVDDDDAMTIDNLRRFFDVNVGKWNGAFYQFDAHGRVLQGISTRLSVSTYGEDDLISLLQSLYIKQASSQISFVDEEDSEEWVEYKIKETNMFTVDKYQQVGFFQEEKAFALRYQTAGMLETVLRAGVLGEDDTGEESPKNLKIPSRKPSIVCENCLYSREGNGRVRAFHIMDPKGVLDMLIIFHEKQGSEVPLMYSSDDADITNSDRIAPLLGRWEGRSVTKRSGVYGATLSEADTVVLLEKDRNGQLILDNMSTKSGSSTTTTVHWTGSANNNLLQFDGGYEMTLLPGGMYMGYPTDIGKIVNDMDSFHLEFCWMESPGKRQRLVRTYDSAGLAVSSTYFFETKV
LOC_Os03g59460,QSFLIDYVFLLHCQQECEELSQKVTELTAVNSTLMTELDKLKKDCEDMEAENSQLMDEMVQSEGSSVIATLSVKIDTSKDRHGSSSQLNKHTNDDSKG
LOC_Os03g61570,MDSSSVEKGSGSIDPDERTASGEPKACTDCHTTKTPLWRGGPSGPKSLCNACGIRYRKKRREALGLDAGEGGAERQEKKKSKRERGEEVTMELRMVGFGKEVVLKQRRRMRRRRRLGEEEKAAILLMALSSGVIYA
LOC_Os03g63750,MEAAVAAAAAAAGAVTTAVAPPPGAAVSNGVATAPPPFLMKTYEMVDDPATDAVVSWGPGNNSFVVWNTPEFARDLLPKYFKHSNFSSFVRQLNTYGFRKVDPDRWEFANEGFLRGQKHLLKTINRRKPTHGNNQVQQPQLPAAPVPACVEVGKFGMEEEIEMLKRDKNVLMQELVRLRQQQQTTDHQLQTLGKRLQGMEQRQQQMMSFLAKAMHSPGFLAQFVQQNENSRRRIVASNKKRRLPKQDGSLDSESASLDGQIVKYQPMINEAAKAMLRKILKLDSSHRFESMGNSDNFLLENYMPNGQGLDSSSSTRNSGVTLAEVPANSGLPYVATSSGLSAICSTSTPQIQCPVVLDNGIPKEVPNMSAVPSVPKAVAPGPTDINILEFPDLQDIVAEENVDIPGGGFEMPGPEGVFSLPEEGDDSVPIETDEILYNDDTQKLPAIIDSFWEQFLVASPLSVDNDEVDSGVLDQKETQQGNGWTKAENMANLTEQMGLLSSHHTG
LOC_Os04g30890,MERLKKLCDSMENKDTTEKARLLSGALSKEGSSGTSNEGKKIQANGVDGSKAKSTSSGEKVTQGNTLSNYEKKEEKPWGREEIELLRKAIQKYPKGTSRRWEVVSEFIGTGRSVEEILKATKTVLLQKPDSTKAFDSFLEKRKPAPSIASPLSVRTETVGLPTEKAAGNASSKAPAQHASSKTSDEKAAAPAPAPVSNGTPSGTADPEAWSEAQVLALVQALKAFPKDASQRWERVAAAVPGKTMVQCKKKVAEMQKNFRSKKSAE
LOC_Os04g34970,MALSEPDLAAETEAIVSALTHVVAYGGGGPPPSEETAASAVTRTAPWRADGARQGAVPAARKYRGVRRRPWGKWAAEIRDPHRAARVWLGTFATAEDAARAYDAAALRFRGGRARLNFPEDAAAADERRATDAAAAAAAASSAPAALLESQPGDVADCLDYSRILAGAPERPTSSTVPDGFFGGGGNGRFLHSWSIGTSPSPSGSGSGGAGGGGGGGGGGAPVRPLFHGGNGWEQRGDSAYNGF
LOC_Os04g38400,MDDKGKAKAADAAAAAEAAPEQEEFFSDSESGSESIEIADLKKRMWKDQMLLMKLEGRSGHEGALAAQDHRVVRREEEAAEEEPPEARYRRKAMLRAQDGVLRHMLKMMEACNARGFVYGIVDESGVPVSGSSDSLRGWWKDDVAFDRAGPTALSGRGGRGSPRSPAAAASFLHGLLDIQDSTLGSLLSALIQHCEPPQRSFPLDRGLPPPWWPTGGEAWWGLQGEAQASQGPPPYRKPHDLKKAWKISLLRASAVIKHLSPRESILQFLPYAPTYLCQSYYSTFLPSAQWKKQNTMVISNLEERMRYFVAMRPLADAISPCRQAAKQSAHDKGMARTP
LOC_Os04g45330,MMSSAPETFSLDHLSQHQQQQPPPLAEQEQLCYVHCNFCDTILAVGVPCSSLFKTVTVRCGHCANLLSVNLRGLLLPAAASTANQLPFGQALLSPTSPHGLLDEVPSFQAPASLMTEQASPNVSSITSSNSSCANNAPATSMASAANKATQREPQQPKNAPSANRTSEKRQRVPSAYNRFIKDEIQRIKASNPDITHREAFSAAAKNWAHFPHIHFGLMPDQGLKKTGIQSQDGAGECMLFKDGLYAAAAAAAAATAASSMGVTPF
LOC_Os04g52410,MGRGRVELKKIENPTNRQVTFSKRRMGLLKKANELAILCDAQIGVIVFSGTGKMYEYSSPPWRIANIFDRYLKAPSTRFEEMDVQQRIIQEMTRMKDENNRLRIIMRQYMGDDLASLTLQDVSNLEQQIEFSLYKVRLRKQQLLDQQLLEMHSRVCNKRIYRFSILPYLIHYIEIIKF
LOC_Os04g52770,MEARRPTPTRRSRSAEFHNFSERRRRDRINEKLKALQELLPNCTKTDKVSMLDEAIDYLKSLQLQLQMLVMGKGMAPVVPPELQQYMHYITADPSQIPPIRPSEPRPFQITHATQQRQSNVESDFLSQMQNLHPSEPPQNFLRPPKLQLYTPEQQRRGLASSSGHNSGWITERNSSYNFLE
LOC_Os04g55970,MDMDTSHHYPWLNFSLAHHCEMEEEERGAAAELAAIAGAAPPPKLEDFLGGGCNGGSSGGACPPVQTTAPTAAELYESELKFLAAGFQLSGAAGAAPPVPALLPAAALEQTDETKQLALPPQAAVAPPPEQKKAVDSFGQRTSIYRGVTRHRWTGRYEAHLWDNSCRREGQSRKGRQVYLGGYDKEEKAARAYDLAALKYWGPSTTTNFPVAEYEKELEEMKHMTRQEFVASLRRKSSGFSRGASIYRGVTRHHQHGRWQARIGRVAGNKDLYLGTFGTEEEAAEAYDIAAIKFRGLNAVTNFEIGRYNVESIISSNLPIGSMAGNRSTKAGLELAPSSSADAIAATEANHTGVAPPSTLAFTALPMKYDQADYLSYLALQHHQQGNLQGLGFGLYSSGVNLDFANANGNGAMSNCYTNVSLHEQQQQHQHQHQQEQQQDQQDDQSQSSNNSCGSIPFATPIAFSGSYESSMTAAGTFGYYPNVAAFQTPIFGME
LOC_Os04g57010,MEGAGAARKRSRPDTANGGAAGGKRSRETESFQTGLSSKLKPCTKFFSTIGCPFGEGCHFSHFVPGGYQAVAKTLNLGNPAVPAPARAPMDHAAGGNSHPASSGKTRMCTKYNTAEGCKFGDKCHFAHGERELGKPAYMSHESAMAPPMGGRYGGRPEPPPPAAMGPPAGNFGASATAKISVDASLAGGIIGKGGVNTKQICRVTGVKLSIRDHESDSNLKNIELEGNFDQIKQASNMVGELIATISPSTPAKKPAGSAAGAAPAGRGGPGGRSNYKTKLCENFVKGTCTFGDRCHFAHGENEQRKGAA
LOC_Os04g57600,MEADGAAAAAAAGEASTEAGARPLAPEEEALRRNTDCVYFLASPLTCKKGNECDFRHSDNARMNPRDCWYWLNSNCLNPKCPFRHPPIDGMFGAPTTGMPAVSSHYAPFNSGKQLVPCYYFKKGNCLKGDRCAFYHGPQSVGNNPSEQVVKVSSLPLEQLQTQKNDLLGIKDSVQSTNSIQHGAPITNERGKTAVDRSTVNSARTATVAIPVASNAMSCPKSEKVKSSTPAALKESFTTSSGGDHPECYQNHFPMDSDPVRDWNQSYEMPPADDLPQNSREADELLGESSPGFDVLVDNDADGAAYLHDEDFGGDMYPVEDYEYAPADFDVRAHHERERFNGMDEQDQMGHMYDGYERKRRRSSERSMERPFHSERRFLQRDRDRVEMDGSDLRHRLRRRRINESSLAISPERNGEQRRRDERYRERAHGHRSHRDHHQSSRGSTLSSRLQGRIKLPGRSPDRVDTRSEKERDRRRLRDRLSPVRRTEFQGTRHREAGQHEEQTQRRSSELALGSRNADGQHLTKDVPDSHNFPHRKNSRDSSKANGSVEPEASLDFEGPKPLSVILQRKREAAWANGTSACSPKQDKSAEVSHRQASLAEAEKEGDNIISSDEYKSGSGDEEFRDEGHIPVEGHGQSSSHGDKLEAEDIIEVDPVENQDADNYDQREGESYYEPIEGQDYKSDDENAYEDDDEEYDDDDDFARKVGVVFS
LOC_Os05g01550,MEYAAPAGAGAGGYYYYPPSQQHKPRRPPRPAARWVKHWIPQDLATSSGKCALYKWVREDVYKNLKDGKAVPEPEAVKPEPTTEILFLCSYENCGKTFVDVAALRKHAHVHNERQYICQEPGCGKKFVDSSKLKRHHLIHTGQKDFICPHPGCGKAFSLDFNLRSHLKTHALENYHVCPFPACGKRFTSDSKLKSHVKGHEKTGTPITAQYVPSSDKPQSSSKPATPATTKPTTPAATKTTTPASTKPTTPAPTSFAERPYVCPYDGCGKAYIHSYKLNLHLKTQHPEHGQEENGRIAAHASEHAVNDRANQYNYAEIVDLAPNPKRSKTNSGHKTPSSNKAYNVKISSVLPADISGVKNQWPGKYEDDSEETEEDQGNNIEDGWRYGNQNADDEETEYED
LOC_Os05g28350,MEPSDDACTVAAPAAETAASSSGAGGGGGGGRTKKKAAGKGGPENGKFRYRGVRQRSWGKWVAEIREPRKRSRKWLGTFATAEDAARAYDRAALLLYGPRAHLNLTAPPPLPPPPPSSAAAAAASSSSAASSTSAPPLRPLLPRPPHLHPAFHHQPFHHHLLQPQPPPPPPPLYYAATASTSTVTTTTTAPPPQLAAAAPAAVLVAAAVSSTAETQAVVATAPEDAASAAAAAAAEEEAAWGFHGGDEEDYAAALLWSEPDPWFDLFLK
LOC_Os05g36100,MADQRRRFRGGGDWQASVDDVVDDGGELEAAAAAAARGSVLSGEYQAQEMSTMVSALTWVVAAGHDDHGGGQWSGLVDVPATTLAGGGGGDYGHGAQGSYYYYGAAPTSTPEFVAAKNNGTGQLALF
LOC_Os05g41070,MIQAMASHAGGSGGGGGGSGRDAGSAQRGPMQGLARQGSLYGLTLNEVQSQLGEPLLSMNLDELLKSVFPDGADLDGGGGGGGIAGQSQPALGLQRQGSITMPPELSKKTVDEVWKGIQDVPKRGAEEGGRWRRERQPTLGEMTLEDFLVKAGVVTDPNDLPGNMDVVGGAAAAAAGTSDLNAGAQWLQQYHQQALEPQHPSIGAPYMATHLAPQPLAVATGAVLDPIYSDGQITSPMLGALSDPQTPGRKRCATGEIADKLVERRQKRMIKNRESAARSRARKQAYTNELENKVLRLEEENERLKKQKELDEILNSAPPPEPKYQLRRTSSAAF
LOC_Os05g43380,MEATPISVKPPSPVAAAPPPPPVQVPVPPPPPPPLPPAAAAVEPLPPQPVAVVVAEAEPCSMNQLALTPTPKRQKVEESADGNGCKHCACKKSRCLKLYCPCFAGGGYCSEKCGCQPCFNKALYAETVQTTRKVLLSRQKRMSLKINRRSEANAEAVEDAHHSSSSTPPRRGCNCKKSSCLKKYCDCYQDGTGCSLFCRCEDCRNPFGKNEGIMAEESKRFLYTGADLDHSEDEQDFIVERSPRLQSPISKESSFQQTPPHIRATNRDTHMFPQAISQWQPRSWHCSKRQSNDRVIDDSGEYKNSNHDWQLAKPEDSYSISRCVQILNGMAELSQVEKSVAPDVFLQAGNREIFISLNGDVRALWLKRKIQNLT
LOC_Os05g43920,MGIDLNTVEEEAEEGAAAAVCGELWHACAGPGVALPRRGSALVYLPQAHLAADGGGGEVPPAGAAAVPPHVACRVVGVELRADAATDEVYARLALVAEGEMLQRNFREGGGEDGAGEMEGCDAEKKPRMPHMFCKTLTASDTSTHGGFSVPRRAAEDCFPPLDYKTVRPSQELIAVDLHGTQWKFRHIYRGQPRRHLLTIGWSSFVNRKKLVSGDAVLFLRGDDGQLRLGVRRAVQLRNEALFEPVNSSDSKLRILSSVASSLENKSVFHICFNPRSGASEFIVPYWRLLKSLNHPFSIGMRFRVCYESEDANERSAGLISGISEVDPIRWPGSRWKCLLVRWDDSTDSSHQNRVSPWEIERVGGSVSVTHSLSSGSKRTKLHFPQGSLDTPFLNGNGHPDSMGTENFHRVLQGQEFRGSRSHGVVCSESPGVPNFQSPDNRRFSADMRGYMMPASGPPQRNTEFTYQPIGFSESLGFPEVLQGQEMSQVVPLFRGATFGARTQNDRVVSANSVHRSAAQSGLLASTLGHPISQFTLSSSKVSSPSSVLMFNQATAPNHETVSGTNNKGMHVSQFASQEMLSETVTWPGTQRQTPSEITSNQFALARIPAPPSGAESGLPKRDAGRSSCRLFGFSLTGNMLGEDGEGLDDGAIEAGCENPPVLELFGHSHSTPGALHALCAAAPLGM
LOC_Os06g05890,MKIQCNACGAAEARVLCCADEAALCTACDEEVHAANKLAGKHQRVPLLSDDGGAAPAAAAPAVPKCDICQEASGYFFCLEDRALLCRDCDVSIHTVNSFVSVHQRFLLTGVQVGLDPADPVPPVADKHVKSAGGSVDSATKHLQRNPTDLSGENSASLPSQNVINGNYSRQSSVTMAKTGQVNWTMSNNTIRSIDPPPKYSSEESPALLLASHTSTMAAYSSQISKDSDRIYNLPFTGGNGSDSLHDWHVDEFFSNSEFGFAEHGSSKGDNAKPGSAGGSPQCRLAEGLFVEGLLGQVPDNPWTVPEVPSPPTASGLYWQNNLLCPSYDSTMFVPEISSLENSQNNFTVSAGLKRRRRQF
LOC_Os06g06900,MDEQRGRGGFDELVLLHQQQEQRRRREQQQEEEEEEEVRRQMFGAVVGGLAAFPAAAAALGQQQVDCGGELGGFCDSEAGGSSEPEAAAGARPRGGSGSKRSRAAEVHNLSEKRRRSKINEKMKALQSLIPNSNKVIRRKKATFNFNVHELGFCWVCAGNLSVFVCWFCGLQTDKASMLDEAIEYLKQLQLQVQVSR
LOC_Os06g08290,MPRLMPEDASLLLDHVVGDPSVPAAAANAALAALPFPSRPTPRLLRASLLRRLAADPVSAAALDSLQLLASLPSSPSPAAPAAAAAAAAHLAVAAYLAVSAPDFDAAAGALFGRPGGRARRAVEEGGAAALASDEADAVADQFEAAVGNSFSQTVLRGLWGDRAAAEERVRELLAVEWAAIGQSRLEMAAERIVGDGAIETWRAADEVTRAKYRLLAGEQRAREIEGKLGETIPQGNQISTPEVHKVMDALKSSCANLHSVVEDPLPAAKAAADEVLAARMDKAVDLNAGEVSNQPTACDIAGPSAPADNLDAPRKGTAASLMDWNPTARTFQVW
LOC_Os06g10310,MMAGGGSGRCLFTATQWQELEHQALIYKYMAAGAPVPPDLLLHLRHRAAAAAAADVDTVPSLAFPPHHLGWGCYGAAAAQYGRRVEDPEPGRCRRTDGKKWRCSREAYGESKYCEKHMHRGKNRSRKPVEMPPPAAAAVYRPSALSISPPPHDADAPSYGAGAGAPLQLHLDSFHASTSPPPSYHRYAHTSSAPLFPSSAAGYGGGWSLSKEHCLTLGGAAADLSLDKPADHHHDATSATTEKPLRRFFDEWPRSDDGRTPWDGTQLSISIPTAAAASPDLAIAGAASRYHSNGDHLRTSE
LOC_Os06g12400,MDKTTTSDLVLDNDNIGSNAGSAQEPLTTNGKTSGVRNRYKQTVKRGRKGSQISPSKTYPLRSSHSNVRVLRSASKKKNETPIVPTNDNTAVQRVAKKRKRSKPLRPAPSRVLRSTSEKKNKAHNELLNDGAGVQPAEKKRKVGRPPKGGTPKDDYLMIRKRVRYVLNRMNYEQSLIQAYASEGWKGQSLEKIRPEKELERAKVEILRCKSRIREAFRNLDSLLSEGKLDESMFDSAGEISSEDIFCAACGSKDVTLKNDIILCDGICDRGFHQYCLNPPLLAEDIPQGDEGWLCPACDCKIDCIDVLNELQGVKLSIHDSWEKVFPEAASFLNGSKQIDASDLPSDDSADNDYDPTLAQGHKVDEEKSSGEDGGEGLDSDDSSSEDSESSEKEKSKTSQNGRTVDDLGLPSEDSEDGDFDPAGPDSDKEQNDESNSDQSDESDFTSDSDDFCAEIAKSCGQDEISGPSSSQIRTVDRTDGSGFDGEPNAENSNLAFMETELEQDMVLPISSKRQVERLDYKKLYNEAYGKASSDSSDDEEWYGNSTPEKGNLEDSETDSLAESPQGGKGFSRRAPVRYHNNEHTPQNVRPGGSVSDQQTEVLCSNSNGSTAKNRHFGPAINQKLKAHFKEDPYPSRATKENLAQELGLTFNQVTKWFSSTRHYARVAATKKENNIENHTAENNNNTNTVDSIQLRGSNDIVSVDRNDMVSEERTGQSNLNEGTPLRSDTSCGQSVAVTPMVHPENQGNDSSSNVRTPNAKSAEKLIPGLENSDEARRKAVQRELRKMKTGR
LOC_Os06g14190,VCVLQCHPGPCPPCKAFAPDRLCPCGKQTIVRRCADRTTPVTCGQRCDRLLPCRRHRCEKVCHTGPCGDCNVLISARCFCGKKTETLLCGEMELKGNLSEKDGVFSCSEACSHMLSCGNHACQDICHPGPCGECELMPGKVTACHCGKTRLLEKRASCLDPIPTCDKVCDKKLPCGVHRCKVTCHEGDCPPCVVRVEQRCRCGSSGQMVECYKVLEEEFRCNKPCGRKKNCGRHRCSECCCPLSKPLARLEGGNWDPHLCQIPCGKKLRCGQHGCQLLCHSGHCPPCLETIFNDLTCACGRTSIPPPLPCGTPTPSCPHQCLVPQPCGHPATHQCHFGDCPPCVVPVMRECIGGHVVLRNIPCGSKDIRCNQPCGKNRQCGMHACNRSCHPSPCDPPPANGDASSSTGGRASCGQVCGAPRRECKHTCTAPCHPSSPCPDLRCEFPMTIACSCGRITATVPCSAGGTANGDNMFEVSIIQKLPMPLQPVESDGRRVPLGQRKLSCDEDCAKMERKRVLAEAFDITPPNLDALHFGENSNASDLLSDLFRREPKWVMAIEERCKFLVLGKTRGNSSGNLKVHVFCHMTKDKRDAIRVIADRWKLSVQAAGWEPKRFITIHPTPKSKAPARILGSKPGVFVAASHPFFDPLVDMDPRLVVAMLDLPRDADVSALVLRFGGECELVWLNDKNAVAVFNDPARAATALRRLDYGSAYQGAAVFLPSSSAQPGNVWVAGQKDGVAATKSSANPWKKATASEPDPSSGDWTGVLGQAPGSVWRRGGDTVAQVMGTSNRWNALESDAATSSRPVEESKPAPRTDAVSSAGPSTAPPVSKMQPEVEVDDWEEACE
LOC_Os06g15480,MAAHQGMAAATAADRFCLPRMAAAAAAASQVENWGDSGVIVSSPFTDDTSTDLDDSADKHHLHALVGGGDGGDDAGEQRGADSSAVSKERRGDQKMQRRLAQNREAARKSRMRKKAYIQQLESSRSKLMHLEQELQRARQQGIFIATGGSGDHGHSIGGNGTLAFDLEYARWLDEHQRHINDLRVALNAQMSDDELCELVDAVMMHYDQVFRLKSFATKSDVFHVLSGMWMSPAERFFMWLGGFRSSELLKVLASHLEPLTDQQLMGICNLQQSSQQAEDALSQGMEALQQTLGDTLVSAAATVVSGGGGADNVTNYMGQMAIAMAKLTTLENFLRQADLLRHQTLQQMHRILTTRQAARALLVISDYFSRLRALSSLWLARPRD
LOC_Os06g16400,MNEKDATDLEERSEASEHGQALSFHGGAMFLQEAQIASPAAANNALTSMANPFPIPPGLWNPPSHNMGLGETSFSSLLGMLSAGAPPPFVATPGFVDSTAGFPCYNGGNLGAMINHPFPGIHQPLGDFQNGVEPCREIEDIEIEGSKNVSQTGEKQQGDGETTHAVDSSSKELSMPGRNGGAGHDEGTRVSCSKKRKRSGQDGGVKHAEGGEQLATVGSAQKNEDDEKGEPKRSSVASGKSSGKQIKDNAGSPKEDYIHVRARRGQATNSHSLAERVRREKISERMKYLQDLVPGCSKVTGKAVMLDEIINYVQSLQRQVEFLSMKLASVNPTLDFNIERILSKDIFQCRGTTASSAFGFFPDIVHPRLHPPKYTQVGMPSIVNPTDAFGRVIHAPLGTNSAFKEPKHQMPNNLNGEFQDVIEMPFTHDHHGSNDQP
LOC_Os06g30830,MSSELSMFMLLCMSSDLYIFRSPVYILRYFIIAYYYRWQRCLILFFLLDILQRYALPGLVS
LOC_Os06g41384,MMFSLCSTSGCPFGSSCHFLHNFPGGYQAAAKMTSHGGTAVAAPPGRMPLGPGAPNGPPTSSVKTRMCNKYNTAEGCKWGSKCHFAHGERELGKPMLLDNSMPHPMGSMPFEAPPMPGPDIVPPSTFGASATAKISVDASLAGGIIGKGGTNTKHISRMTGAKLAIRDNESNPNLKNIELEGTFDQIKHASAMVTELIVRISGNAPPAKNPGRGSHAGGPGSNFKTKLCENFNKGSCTFGDRCHFAHGESELRKPPAAA
LOC_Os06g44750,MDMDMSSAYPHHWLSFSLSNNYHHGLLEALSTTSAPPLGEEGPAEGAPKMEDFLGGLGGGGGAVAAAPAAAPEDQLSCGELGSIAAGFLRRYPAPENAGGVTIAMATDAAAELADPARRTAETFGQRTSIYRGVTRHRWTGRYEAHLWDNSCRREGQSRKGRQVYLGGYDKEEKAARAYDLAALKYWGPTTTTNFPVANYETELEEMKSMTRQEFIASLRRKSSGFSRGASIYRGVTRHHQHGRWQARIGRVAGNKDLYLGTFSTQEEAAEAYDIAAIKFRGLNAVTNFDMSRYDVDSILNSDLPVGGGAATRASKFPSDPSLPLPSPAMPPSEKDYWSLLALHYHHHQQQQQQQQFPASAFDTYGCSSGVNVDFTMGTSSHSGSNSNSSSSSAIWGTAAGAAMGRQQNGGSSNKQSNSYSGNNIPYAAAAAMTSGSALYGGSTGSNGTWVASNTSTAPHFYNYLFGME
LOC_Os06g45840,FDRDWKKIEAYVGSKTVIQIRSHAQKYFLKVQKNGTGEHLPPPRPKRKAAHPYPQKASKNACAVSPAAISQPPPLGEQGCVMSMDTSPVIRNTNASAVVPSWDNSIAQPLSASRTQGTGAVATNNCSSSIESPSTTWPTSEAVEQENMLRPLRAMPDFAQVYSFLGSIFDPDTSGHLQTLKAMDPIDVETVLLLMRNLSMNLTSPNFAAHLSLLSSCNSGGDPIKSEGMENLGSPQSCHLPFMVTSE
LOC_Os06g46400,MSPKSQLPTGAKNPKNSLSPTMDDGDLSFDFEGGLDQPPAGGGGGPAPHSSDPGGVGGGGGGGGPGDGGGHGRGRGRGSYRQTVCRHWLRGLCMKGEACGFLHQFDKARMPVCRFFRDFGECREPDCAYKHSYDDVKECNMYKMGFCPNGPNCRYKHVKLPGPPPPVEEVLQKILQIRSFNKFNQHRHNNYNQQGERPQHPQGSGLPNQNSIDNTTTTTAQPAVGQQAQTTNQQPPQQQQQQQQQQQQQQKPNTNDQVQSVPNGSSNQATRIATPLPQGPSRYFIVKSCNRENLEISVQQGIWATQRSNEAKLNEAFESIENVILIFSINRTRNFQGCAKMTSRIGGYIGGGNWKSAHGTAHYGRNFSIQWLKLCELSFQKTHHLRNPYNDNLPVKISRDCQELEPFIGEQLASLLYLEPDSELTAILIAAEAKKEEEKAKGVSADEAADNQDIVLFDDNEEEEEEESEEEEEGNGQESQGRGRGRGMMWPPQMPMLRGVGPMMGGRGFPPNMIGDGFGFGGGFGMPDPFGVPRGFPPFGPRFPGDFARGGPMPGMVFPGRPPQPGGMFPMGLEMMMGPGRGPLMGGLGMGGPGRPNRPVGMAPFMPPPPPPNNRGTKREQRRPGGERGDRYETTSDQGSRGHDATGNSGAEGARSQSGDRYGRSALRDDDSESDEEAAPRRSRKR
LOC_Os06g46410,MRLSSSSGSVLPAQAASPEAVEEQKCLNSELWHACAGPLVSLPAVGSRVVYFPQGHSEQVAASTNKEMESQIPNYPNLPPQLICQLHNVTMHADAETDEVYAQMTLQPLSPQELKDPYLPAELGSANKQPTNYFCKTLTASDTSTHGGFSVPRRAAEKVFPPLDFTQQPPAQELIAKDLHGNEWKFRHIFRGQPKRHLLTTGWSVFVSAKRLVAGDSVLFIWNDNNQLLLGIRRANRPQTVMPSSVLSSDSMHIGLLAAAAHAASTNSRFTIFYNPRASPSEFVIPLSKYVKAVYHTRISVGMRFRMLFETEESSVRRYMGTITGISDLDAARWPNSHWRSVKVGWDESTAGERQPRVSLWEIEPLTTFPMYPSPFPLRLKRPWPTGLPSLHGGKDDDLTSSLMWLRDSANPGFQSLNFGGLGMNPWMQPRFDASLLGLQPDMYQTIAATAFQDPTKQVSPTILQFQQPQNIGGRANTLLPSQILQQVQPQFQQQQYLQNINETTIQGHAQSEFLQQQLQRCQSFTEQKPQLQTQQQQQESQQQQQQQSQCMQVPQHQQMQQQKNMTNYQSVPNALSPFSQLSSPSQSSPMTLQTVLPFSQPQSYPDTSMSSLSPSNTSTMHNALRPFSSEAPSHLSMPRPTAVPVPDPWSSKRVAVESLLPSRPQVTSQMEQLDSTAPSIPQSSALAPLPGRGCLVDQDGNSDPQNHLLFGVNIDSQSLLMQGGIPSLQGENDSTAIPYSTSNFLSPSQNDFPLDQTLSSADCLDESGYVPCSQNSDQVINRPPATFVKVYKSGTYGRSLDITRFSSYHELRRELGRLFGLEGQLENPLRSGWQLVFVDREDDVLLVGDDPWQEFVNSVSCIKILSPQEVQQMGKPFELLSSAPGKRLGSSCDDYVSRQESRSLSTGIASVGSVEF
LOC_Os06g48534,MARFEEEHRALGAEEEYEEEEDELEEEEEEMEEDEDAQHHEGVGGEVAVPMDAEAAAQLDPHGGMLAASGAVQPMASNQLTLSFQGEVYVFDSVSPDKVQAVLLLLGGRELNPGLGSGASSSAPYSKRLNFPHRVASLMRFREKRKERNFDKKIRYSVRKEVALRMQRNRGQFTSSKPKGDEATSELTASDGSPNWGSVEGRPPSAAECHHCGINAKATPMMRRGPDGPRTLCNACGLMWANKGMLRDLSKAPPTPIQVVASVNDGNGSAAAPTTEQEIPAPATVNGHESST
LOC_Os06g49080,MSRRQEICRNFQRGSCKYGAQCRYLHASPHQQQQQQQAKPNPFGFGTGSRQQQQPSFGSQFQQQQQQQQKPNPFGFGVQGANAQSRNAPGPAKPFQNKWVRDPSAPTKQTEAVQPPQAQAAHTSCEDPQSCRQQISEDFKNEAPIWKLTCYAHLRNGPCNIKGDISFEELRAKAYEEGKQGHSLQSIVEGERNLQNAKLMEFTNLLNSARPSQTPSFPTMSSFPEVKNNSSFGASQTNGPPVFSSFSQIGAATNIGPGPGTTAPGMPASSPFGHPSSAPLAAPTFGSSQMKFGVSSVFGNQGSGQPFGSFQAPRFPSSKSPASSVQHRDIDRQSQELLNGMVTPPSVMFEESVGNNKNENQDDSIWLKEKWAIGEIPLDEPPQRHVSHVF
LOC_Os07g13170,MVLDLNVESPGGSAATSSSSTPPPPPDGGGGGYFRFDLLGGSPDEDGCSSPVMTRQLFPSPSAVVALAGDGSSTPPLTMPMPAAAGEGPWPRRAADLGVAQSQRSPAGGKKSRRGPRSRSSQYRGVTFYRRTGRWESHIWDCGKQVYLGGFDTAHAAARAYDRAAIKFRGLDADINFNLNDYEDDLKQMRNWTKEEFVHILRRQSTGFARGSSKYRGVTLHKCGRWEARMGQLLGKKYIYLGLFDSEIEAARAYDRAAIRFNGREAVTNFDPSSYDGDVLPETDNEVVDGDIIDLNLRISQPNVHELKSDGTLTGFQLNCDSPEASSSVVTQPISPQWPVLPQGTSMSQHPHLYASPCPGFFVNLREVPMEKRPELGPQSFPTSWSWQMQGSPLPLLPTAASSGFSTGTVADAARSPSSRPHPFPGHHQFYFPPTA
LOC_Os07g39310,GGWSCGGGRSRGDATQSDGDGGGARAGGGAGSGGGGGGAGDPDAEVIALSPGTLLATNRFVCEVCGKGFQRDQNLQLHRRGHNLPWRLRQRGPGAAPPRRRVYVCPEPGCVHHNPTRALGDLTGIKKHFCRKHGEKRWTCQRCGKRYAVQADLKAHTKTCGTREYRCDCGTLFTRRDSFVTHRAFCGALVEETGRVLAVPAPPSPRPPDLEAEENVDKDKDKEEEVKEKEKEKELEENEDSPVAEVDEPQPSQAVAEVPQQCAPSPPPPPPILQEHPQPVVAVVPNVDEQEVVAKPAVIAKIEVEDERDEEVCFQEVDRYKDAELEDSNLLDNDTPMLPCFLPSPSEAIGTDGSSTSCGTGSSVTNAIAPATTTSTFAGLFASVTTSSTPQSRSLRDLIGVDPTFLCLAIGAPSSLFPQTNASDPCSFAPPPAPHMSATALLQKAAEVGASQSSSSFLKEFGLAASTSSSPPSKLSQGRFTTGNTPTTSHPHPHPHPHPHPPQGRFMDNVPQPPPPAKLPHRMFTDNSVQQWHHRSNQQMEMEPGPMLPGGLGLGLTYDTGNSGLPDLMMGPSALYGPKPATLDFLGLGIGGTMGGSTANGGLPALMVGGELDMGSAQAPWEEAKRKTNGRTIL
LOC_Os07g39480,MADSPNPSSGDHPAGVGGSPEKQPPVDRRVAALAAGAAGAGARYKAMSPARLPISREPCLTIPAGFSPSALLESPVLLTNFKVEPSPTTGTLSMAAIMNKSANPDILPSPRDKTSGSTHEDGGSRDFEFKPHLNSSSQSTASAINDPKKHETSMKNESLNTALSSDDMMIDNIPLCSRESTLAVNISSAPSQLVGMVGLTDSSPAEVGTSELHQMNSSGNAMQESQPESVAEKSAEDGYNWRKYGQKHVKGSENPRSYYKCTHPNCDVKKLLERSLDGQITEVVYKGRHNHPKPQPNRRLSAGAVPPIQGEERYDGVATTDDKSSNVLSILGNAVHTAGMIEPVPGSASDDDNDAGGGRPYPGDDAVEDDDLESKRRKMESAAIDAALMGKPNREPRVVVQTVSEVDILDDGYRWRKYGQKVVKGNPNPRSYYKCTNTGCPVRKHVERASHDPKSVITTYEGKHNHEVPASRNASHEMSTPPMKPVVHPINSNMQGLGGMMRACEPRTFPNQYSQAAESDTISLDLGVGISPNHSDATNQLQSSVSDQMQYQMQPMGSVYSNMGLPAMAMPTMAGNAASNIYGSREEKPSEGFTFKATPMDHSANLCYSTAGNLVMGP
LOC_Os07g44640,MATREHELRPEQERLGEDREEYEDGEEEEEEGEEGWDDWESDGDDAGGGGGGGGLLCLFCSARFDSESSLFSHCASEHRFDFYRVVKETGMDFYGCIKLINFVRSKVAENKCWSCGQVFSSNSELCGHLHALEIPQLEGKVPWGDDVYLKPFLEDDSLLHSLSVFDDDDEDDCGMPMEKGGCSAGNGSLAETCESNLKSIINDGSDVIDRFERTCTIESTDGECSGSLAQEPSDKQLKIARASAAARGIKSVDESYFGSYSSFGIHREMLGDKVRTEAYRDALLGNPSLMNGATVLDVGCGTGILSLFAAKAGASRVIAVDGSAKMVSVATEVAKSNGFLYDENMEMQQKRDTQVITVVHTKAEELNHKIQVPSNKFDVLVSEWMGYCLLYESMLSSVLYARDHFLKPGGAILPDTATIFGAGFGKGGTSLPFWENVYGFDMSCIGKEVTGNSARFPVVDILASEDIVTETAVLNSFDLATMKENEMDFTSSFELRLSESGVSQSGVTWCYGIILWFDTGFTNRFCKEKPVNLSTSPFSTPTHWSQTIFTFEEPIAMAKEESAVVSSASVGTDECPAVMIRSRISIVRASEHRSIDISIETTGISSDGRKRSWPVQIFNL
LOC_Os07g44690,MAFLVERCGEMVVSMEMGPHGGGGAAAGKPVPAPFLTKTYQLVDDPCTDHIVSWGEDDTTFVVWRPPEFARDLLPNYFKHNNFSSFVRQLNTYGFRKIVADRWEFANEFFRKGAKHLLAEIHRRKSSQPPPPPMPHQPYHHHHHLNPFSLPPPPPAYHHHHLIQEEPATTAHCTVAGDGGEGGDFLAALSEDNRQLRRRNSLLLSELAHMKKLYNDIIYFLQNHVAPVTTTTTTPSSTAMAAAQHHLPAAASCRLMELDSPDHSPPPPPPKTPATDGGDTVKLFGVSLHGRKKRAHRDDDDGVHDQGSEV
LOC_Os07g47790,MCGGAIISDFIPQREAHRAATGSKRALCASDFWPSASQEAADFDHLTAPCTFTPDQAAEEPTKKRERKTLYRGIRRRPWGKWAAEIRDPAKGARVWLGTFATAEAAARAYDRAARRIRGAKAKVNFPNEDPPLDDPAADGHSHGGAAIPCREFMDYDAVMAGFFHQPYVVADGVPAVPAEEAPTVAYVHHHLPPQPQQDAGLELWSFDNIHTAVPM
LOC_Os08g01700,MDNMTHNSSSSSSWDLDMSLGSHHHPLLFDQPPPPPPPPPPPPLPFHLHHHPLDPSPSSSLFPPPPHHHHHAHHLHHPLDLDQRRGHHDYGGGDQGGDEELRLQQEAAAGGGGGGQDGGGGGDQDADEELGAMKEMMYRIAAMQPVDIDPATIKKPRRRNVRISDDPQSVAARHRRERISERIRILQRLVPGGTKMDTASMLDEAIRYIKFLKRQVQELQHQPGPPPPPYPAGAAPAAGPSTSAVGPPGRPFLPLGGGGPMIDWVGLTRPVDIHGPTSSSSSSSMGGALGFGFGCGGGGQSSHGMH
LOC_Os08g04170,MTGETRKERSKWDTKGPPDIVEISEDESLPMNMDDHKKGNDDHRKGSDLLPSQDFGHGNDKQIGESLNLKSTVSMHHGSAGHEQDRADGLNKDIKERSSKASSERLPLRMGDEDHNKNDWHNRGFEKAAGNQGMSRYADDRRRGDGWGTTLSRGYSSRISSSGPDAWKRSRSPLSPRGGWNRSRRNRSRSRSRSRSIGRGRGRSRSRSRSPYFSDRGSEWRVERSRSSGGPALPCRDFVAGRCRRGSNCRFPHEDGVRRQFDEHYPVDSREKYGHQNRDFMDPREQDDYLRNRPPRGGHYDEGTWERSEPRREYRSTMPCHDFVKGRCSRGANCRYVHDDSTPHGGWRDEVRDNAIGRSGPDSSYGNRTEHRRTNKNPCKFFANGGCRRGQNCPYLHEEASQSQMGLGAPDEPGYTGGPTTRGDYLSWSEQNNSVQASSHVLSRDDRENPVPQGTGRNDSRYENKNRHSKDAGSSQYQIFPQDDFGSVGQNKPEIAASQLPQFIPSVQTGTESINIDKVSDMGGQSGPGTVGNLSMQIGMHSANLLGGHNLGQKAESQDAISQISAAPSLPGATQLQNTTSSVPLNSQVQQSDFSLHPNRQDQFAVPHATTNNSAPSMQSQPVAPYMGHSQHGYIMGAQSLPDLSVHNGQIFNVGQVPQNLPTIVHAGQNQATSDTPNLGRDSGDQGLQNTHNFQPVAPNEQTQSQTLQGLSVVASSSSVDMAGAPLSHNAVSSQEEVRRVTASLAQYFVPSLTADTSGLQSSQPDPNSSLMNNSSAAPQAVQPNHWPWLQQAGMVQPSHIVPPEQPAPQTFQAPMAAGSSNGNPLLLPHSVAPTVPAAALATNETTPAENKKEEPKDTDAEANEDGENKKSKDSKALKMFKLALADFVKDALKPTWKEGQMSREVHKTIVKKVVDKVTTTVENTPQTKEKIDIYMSYSREKLNKLVQAYVGKYAKKD
LOC_Os08g05510,MPQDSRPAAMRLFGVTISPPPPPPEPEPEPDPSDPRDPSPRPAREDAMRKCKSMGNLAAAAAASSAAAGGGGAGDAGGSGDGYLSDGGLLLSSGKRRRAQERKKAVPWTEEEHRTFLAGLEKLGKGDWRGISKNFVTTRTPTQVASHAQKYFLRQTNPNKKKRRSSLFDMMATDMSPAPNCPVLPPSMGKLHDMVAMTKQLQNSSLEGVSSSSTVNLAPQVARDLPPPIPSFKATNVDSSLSKMNHMDGFLRAPMLFRPIPRIAEGASSSTPATASIADLEFQANLTACSNALFASPRRKPKKADPPAEKDLDLTVAPPSQQTRASISSQNAVGVIQVV
LOC_Os08g06240,MEFIDDDWDYQPRARVIHSRSNANSNGATTASSSQPTRSLPHTAACAAAAVALLAAAYYLLPDYQVLASVVVWVASSLLLAPFAPSSATGGDVSVGRGDPLPEQEPVEEPVSDPAPTSRRGRRQSSSSNPTPPPPKPSDPIAPPPPRHAAAAAAAAATAVSDGGEAVEDAGEWTDQEMDILRRQMVKHPAGEPQRWEKIAAAFGGRRTPESVIRAAKSGGGAAAAGASFDQFLRKRKPLDPRSEATDAGSGNAGGGGGESGDGSWSAGDDRALLNALKEFPKDTAMRWEKVAVAVPGKTKAACMKRVTELKRDFRSSKAASEAAP
LOC_Os08g06330,MDYTNAIHIIPDAAGPDAWANAAAQGGDAGIWATEDDYNSQWNADGGGGGSSRAGSEQPPPGKKSRGGGGGEGGGNTSKSRAIGKMFFKTKLCCKFRAGTCPYVTNCNFAHGMEELRKPPPNWQEIVAAHEEATEAREEHQIPIMTSSGPTAGGDAGCGGGGGGGSGRAYKGRHCKKFYTDEGCPYGDACTFLHDEQSKARESVAISLSPSVGGGGGGGSYNSAAAAAASASAAAGNGPMQKPSNWKTRICNKWEMTGYCPFGSKCHFAHGAAELHKYGGGLVDIDSRDAAATPDSKQAVVSAKAPAETAAASTTVLPHADVYHLGVQAQRSTIAGQRSGQVQRPIQKWKGPDKISRIYGDWIDETE
LOC_Os08g10560,MESKSAYGGAIGVWTPMRESWGSASAVTSARPFVTNNVIPAIWSRIAPSLPPSPLPRRPRSALAHCRASPASVSPSARASPTPPSPRSPPHQHQQHAIQQVQQLQQQQKEQLQAFWADQMAEVEQMTEFKLPNLPLARIKKIMKADEDVKMIAGEAPALFAKACEMFILDMTLRSWQHTEEGRRRTLQRSDVEAVIKKTDIFDFLVDIITDDKMKDDGMGSQAASMVSPYTSGGMGFSFDLYPNQHHLAYMWPPQEQQEQWPPQEQQEQKQKQDSDGGGQDE
LOC_Os08g19590,MNGELKLMASYVSKLKFILQKDQQQEPHTANLLVLLGSSNQDKRNGLSQGENRMDTCTRKKPRRYQLLTMQQKETLNRAFQSCPNPDRNDLKKLAKELNMTETQIKYWFQNCRTKMKKFKNNEERKLLQKENEELKKENAELRNRMKNSTCRACDLPLFHIDCRHWENPMLNKGNHGVTSNLIPQAVSSLLPSSSGFVASGSNLSSNAVLMPVSAMPSSVLQPAPAVSGANFPILHNLSANANDGYTEKNVLLDLANRAMEEFFSLMKENESLLVKKKENGPLWLPHMDILGVESLNYQEYLAKSRTIGQKPVDFKVVVTRDTAIVNGSCVDLVKSLLDANRWRELFPGIVASANTTKIISTGPSNLHDGLLQLMRAELQVMSPEVPVCDVTFLRQSVQFGSGLWCVVDVSIDTILPGESKTAQSSVQTSSTAARRMEVRLLPSGCVIEEMENGYSKVTWMVHAAYDERAVPVLYHSLLRSAKALGACRWVASLQRHSQFLSGLHKYIFCPDSTMTEVVMRRKVLYLVKQMTSSFTGLFASMSKATLQDGDDTHFAHQIVGGATGEPAGLLLSATTTIWLPGVNPRHVYDHLRDEQCHGEWRCLLGEQLHQGNALPYGAPLNGETVPEFYRMVNGLHEGHAISLISPREMGGNISNTLLLQEARTDLSGSLIVYARTDVNTVHSIMNSGLNPATVFLVSSGCAILPDCLESFPLHPAATADQAGTSSAAIASRSETGGSFVTVTYQMFFSSQGGAAPASSSIHQGRDALKKATDIFKVVLDTLTVA
LOC_Os08g23470,MGTSCERCRRRDEQDYRNLDDSQKHFLLTMMGDFQHEMIIPKEFVQRLKGDIPGEIQLETRNRNSHTVRVDKTQEKVIFTEGWAQFVKTFDLQMGDSMMFRFNGNSQFDVIIVDQIGREKACSAVVDDSQNPNVQERRVDATETLNSSRAHSQPMPMQSTTETVNHSHARPCPMHTAVDCMPLSHAHPQPMPMQFPTETVNHCHAPTGPMEMPLENVALSHAHARPLQMQSQPTDRLTQVQRGNSSKGNMTTMSSSSMSSGYNSIIICIS
LOC_Os08g36450,MSRAARRACHWVWVGSLSLSVSPSWLLPQGRNCIPAGRVIERGGQRGERREIDLIEGKETHKAFKPQNPNPPSPHPLAMAPKRPAAASGSASEASDCEAGGAGRRRSPSRSRSPSRSASPSRSRSKTPPHNAAVLSSTPASAAVDFVAASDSDAGADADARLASPRRSRERSPRLHSDSDNSAAATAEAAEAAAAAAFDDGDDEGNATPPPRSRRSSRVEATGVKPISSRPMDASRRPAAASSQSQRRSKRPRSSPTQHSPEQHKRPPRVWNPQDEVTILRALISYRAKNGALPGSSQDTGKLHNMIRGQLSVKASTTQLSDKVRRLKHKYNLILTRVTKSGRDPDLPTEHDREVYELSKKVWGTKSGGAGAGSGGGGGGGGGRVYENAEVVQSDEEQGSRDDSDEDMESGWDDRDHRNRRLKAIVVANGNGNAVTGGRSVHGNGSGKGDVADKGKDMYPYLWEAVEELSKEHPSGTAFRKAFGVLDGSRARAMEEKLNRFRLSEIRQQLRRMDLMKETIKMVLDALEGSDL
LOC_Os08g36700,MEWEEESEAARQKAAAASASVVPAPFLTKTYQLVDDPATDHVVSWEDDDGGESASSFVVWRPPEFARDILPNYFKHSNFSSFVRQLNTYGFRKVVPERWEFANEFFRKGEKQLLCEIHRRKSAAATWPPFPPPPPPFFAPRHFAAGAFFRHGDGMLHGRLGALVTTTERRHWFESAALPVAPSSRLLSQLGPVIAPARRAAATPEEEALMQENHRLLRGNAALVQELAHMRKLYSDIIYFVQNHVRPVAPSPAAAAALHGLGVLRPPPAGGKAPASEVRGASGRSATSSSSLTVAEDQPTLLALRLPRTTEKIINEVSGGNGGGSTKLFGVHLSSADEQTSSGASRKRSPPQEQPPTSPAPKRTLVVEHSELRLSIVSPP
LOC_Os08g37920,METEVFPVVDLRVLSQSDLEALAAASAHAVAPGGSCPDADQLPPLKIDRAVFNESAGSRKQTFSRVRFGAAAAVAASPSSPSPSAAAKLPRGNDKEDSFIAYHLRRLFAPDDPSSPQIQTLALPAPPSPDPDQLTTNSKGVSVDLVSLSRLADPYDAELGKRTAGMTTEEELMGFISSLAGQWVSQRMRRKLVDASFFGDHLPSGWRLQLGIKRKDRKAWVNCFSYVSPKGQSFATCQEVSAYLMSLLGYPEFKTDNIEYGSTQQHGLCADDGVNVLGVQHQIGTGMDSQSILPVASITFSSHSRDQDETDADDINSYECQQCNLTFHGQSAYAHHLITFHKMGSKRRKINKVGKFGEPVIGKDGKFECPVCNKTFEEQSRYFGHVGSHAKYHGLTPEAFLQTLSGKVGNDSFAGLSCSLQDLVGSPQLNEKTTASEARSQHHNCSTKHGGNSTRGIDLFNSNCPANFNGHNQTWCRPDEIPPTTDAPSTWTYRNNVTNCADRTVPRTAPQPNDHMDCRVSGFAEATNFNDQAGRHQGFRPSSFGTTNHCQGQIIDHAVAASKHAEVNNSMKSRDVNLNSRLNTISFPIATANNETSTALNDVNRSCITGKGFSGSFSNNDGAASIVLPSSGLNNKIPSSLGVADRSSIAARSFNAGYVNENGASEANNIGNKNNTMVYQTSLAMRPVSPCDLQLGFSGQKQQILPGYGELRPAASGSPQLGGMAANSSIPTRPSQPQFGSMARTDALPTGPSQPGSLARPNFVPTGFSQFASRPPTSVPPADSSQFAGGMARQNIPTTSEPTLVLGYTPQMVNGPPAQLGWDLSLSRMVSEGMLPVLCIWCNSQFHHFGPIDAQQSGSFGFICPACKEKMSGNPNAPNNGPWQP
LOC_Os08g40030,MHHHSATMGDALWEMLGEEMAAAAAAAGEHGLPPGFRFHPTDEELVTFYLAAKVFNGACCGGVDIAEVDLNRCEPWELPEAARMGEKEWYFFSLRDRKYPTGLRTNRATGAGYWKATGKDREVVAAAAAGGALIGMKKTLVFYKGRAPRGEKTKWVLHEYRLDGDFAAARRSTKEEWVICRIFHKVGDQYSKLMMMKSPASYYLPVSHHHPSSIFHDLPPVPFPNPSLVPFHHDLPTSFHPPLLQHSHANSKNSSSNNGGFVFPNEPNTTNSSDNHISCNGAMAAAAAAAFPSFSCASTVTGKGGPPAQLGVNAGQQEPPPPTWMDAYLQHSGFIYEMGPPAVPRGA
LOC_Os08g43090,MDDPGAADPGARPHHLSPGQPPVVPRSPTPLDLSSAAAAAAAASYRRLSPSLRPPAHPQARLPSPYPQIPSSSSAAAAGSSGHHARSLSQPLFFSLDSLPPLPYADLAAPPAIPPSPPSSSSDPPPPGLPPRKGGHRRSQSDIPFGFSHLSPPLPPPAPVKREAATAAEGCRSDGDDFALYDLVNSYMDLDGMEALNSSEERHEDRDSRASGTRTGSVADSSENEAESHSTPVERKDGGGKSRHCRSLSVDSFIEKLNFDESPKLPLPSPSGGLSRSGSGSLDGGAASLFGAEFANGEFTEAEKKKIMANERLAEIALTDPKRVKRILANRQSAARSKERKMRYIQELEHKVQVLQTEATTLSAQLTMLQRDSTGLATQNNELKIRLQAMEQQAQLRDALNEALTAEVQRLKLATGEITDGRMSKGLQQQMNSQLIQLQQLQIQQQQSSQTTQQGQQQQPQKSA
LOC_Os08g43200,PPIRIDFLPRLHLSPTGPNQTKTIATPTTFHVSSQAAYKYSRSKPPFPTTNTSITITTAPPPPNSNVYEQTRGDHRRVAAAGIAGRLHDVVVGAVPPPLAAQQQAPRGAHQVPRDPPPGVPRRAAPRPRGAVGVRGPRAGPPRVQALARHVRRRRRRRARPRRRHARAPRPRRRVPQLRRLRLAARRAAPGHPPLRRRRPARRGAGAGGLRAAGVIIRAASEAVAEFQRRGSTAATATATSGDAASTAPPSSSPVLSPNDDNASSASTPAVAAALDHGDMFGGMRTDLYFASLAQGLLIEPPPPPTTAEGFCDDEGCGGAEMELWS
LOC_Os08g44190,MEKEIISARSTTTTTTTAAAGDVNLDLRLVHSTAAGRQHTAATRNPAPPLAAAGDDRAFSCTYCRRRFYSSQALGGHQNAHKLERSLAKRSRELSAGVTTAAAPPPPHPELGWPYPPQGGAAAAVVSWIADGGRRYGYRVHAAAAGGDAEDIDLSLKL
LOC_Os08g45110,MEMDIGEGESCCGRRKQQQQQNISSSKSRKCCPLRRSRKGCMKGKGGPENQRCPFRGVRQRTWGKWVAEIREPNRGARLWLGTFNTALDAARAYDSAARALYGDCARLNLLLAAATAGAPPAAATPSVATPCSTNDDSNNSSSTTHQQQLTTMLQLDDDNYTLQPSSSDQEDFETYVTRLPKAEDFGLEGFQEVPLDVLDEAGGGISIWDLSICPADFMATAATTTAKSS
LOC_Os09g29130,MDFDDHDDGDEEMPPMPVSSSYETPPQHGLAGGGMAPKPPGEIGSRVKGPSCGGGRYRECLKNHAVGIGGHAVDGCGEFMAAGEEGTIDALRCAACNCHRNFHRKESESLAGEGSPFSPAAVVPYGATPHHQFSPYYRTPAGYLHHHQHHMAAAAAAAAAAAGGYPQRPLALPSTSHSGRDDGDDLSGMVGPMSAVGPLSGMSLGAGPSGSGSGKKRFRTKFTQEQKDKMLAFAERVGWRIQKHDEAAVQQFCDEVGVKRHVLKVWMHNNKHTLGKKLP
LOC_Os09g34950,MASQLQGKGAETAAAGERVAPGTNAAAFAGLGYPPIQSPVALQEEEGPRDAAFAGYAPIRSPVVSRLQEKGEGEGEEEEVDKREEAGMAADGSAFAAGMALVPKPEPVAVEFLRGLAVAKPPPRNRDRHVKVEGRGRRIRMPVNCAARIAQLTRELGHKSDGETIRWLMQQSEPAIVAATGTGTVPAIATTVDGVLRIPTESPSAAARGDEPAPKRRRKLQPTRAAAGGPVEALAAAPPPAVYYPIVADPLLQANGGGSISISSGLAPASSATPPTATGGGAIPFIAMPATSDGGKQAMSPATVWMVPPGGAGAVNQPIQYWAFQPNPDHANFAGASSYNVGQNPGVHEASAADHAASTGGGGGGEDDEYEGMTDSSSDEE
LOC_Os11g05640,MSDHSSSDGQRQCRRRGVGVDVELDAAMALADMAGAAPGQPEASPPPHATQEAAAAAVAKGEQEDEAEMASTRLSLELGKVGIQSSPPCSSSSSAGHPAMQPAAAATAAPGYGPRPRHMLTEAEKEAKRLRRVLANRESARQTILRRQAIRDELARKVADLSSQNETMKKEKDVVMQEYLSLKETNKQLKEQVAIRTIKKAAVAEPMDTAPPAQQQAETAAAVAPPTTATPPSTAPQPSFLYTAAPAGVAPVPYVWGSWPPCGPTGYEPPPPLCLPPCAWYYPVVADPRVSSPPTSTYPQSYQEQPTSSPGGGTAEEDTDDDPCSLTLAIDVDKRSAPGAGGSAAGAGQHASISDREKATAAAEARKRRKELTKLKQMHGGGGGSRPGGGGEHW
LOC_Os11g30484,MQQKPAAEAMEEELKGEAVGPRRPGLGLWLAARRRLAPDDPFFAAGDMERELLAKQVALDLSEDERYQLERMEVASANALLCPISGCGAHLDCLENFEDHYRTRHTASCSVCWRVYPTSRLLSIHISEAHDSFFQAKVARGFPMYECLVEGCGVKLKSYKSRQQHLLDKHQFPKSFEFFKKARPSQRQRNKNQKQRQTVHKGDETSETLMDVDGKKSSRYMNSRYRPKQHDGKESKENEHSSCKEAKNNEMEVDKQVDELASAVSRLSTADSTPSSISFGHRRSRGLAFVPRSIRQNKQVSQTEPK
LOC_Os11g35030,MLSSCGGHGHGNPRSLQEEHHGRCGEQQGGGGGGGQEQEQDGFLVREARASPPSPSSSSFLGSTSSSCSGGGGGGQMLSFSSPNGTAGLGLSSGGSMQGVLARVRGPFTPTQWMELEHQALIYKHIAANVSVPSSLLLPIRRSLHPWGWGSFPPGCADVEPRRCRRTDGKKWRCSRDAVGDQKYCERHINRGRHRSRKHVEGRKATLTIAEPSTVIAAGVSSRGHTVARQKQVKGSAATVSDPFSRQSNRKFLEKQNVVDQLSPMDSFDFSSTQSSPNYDNVALSPLKLHHDHDESYIGHGAGSSSEKGSMMYESRLTVSKETLDDGPLGEVFKRKNCQSASTEILTEKWTENPNLHCPSGILQMATKFNSISSGNTVNSGGTAVENLITDNGYLTARMMNPHIVPTLL
LOC_Os12g06010,MRTTNCDSGGVRDVTKPKRVVAFSDIYSGDVSDGARAATRPARNLARSLIAISLERYFKRGTCAVKPSTIRSNMFWRELGSGRHPGDWVAAAFSSHERRIWMEVLSDLLRKSAEVTSAICNWVGDQVNRAGSGWIWPNAFRHRAGWRPIMGQWNPNPRRRADMKFGRITPVVKFWYGKFYRGHTKDIIDVDLFWRSTVKEKDSELLGYKFRYKEGIKSKISLGSQISSAGFNLGFGHLALVLKVMAAAEGGGDQGTINAIVAHPKPSGASSLPPGSRLESELQAVLVLNQSVDGIHDQATGSRVLPSSGNHDGGLASNNLSSQGPTVFTEGEVVDEEEDAVEIEIEENEVQKAGQWTILARFYSLKFPNQSALFEDMRRAWRLRAEMSYKSLKDNLFIVSFNAEGDYNFVLQGDPWLHRGDALLVAEFNGLLNPSMVNLDTVPIWVRIYDLPLVMMNRARGELYGSKMGKVREVDVQEDGCNKHDFFRIRVDLPVNRPLRRMLAIKIKVQGKEETRRFHLRYERVPHFCFFCGFIGHSDKECEKRLTNENEPLVFSAELRCSPLKPFERKVGKVKAVHSQGVQRKLSFRGPGSVSSSSAGIRQDAKRYERSTHKGGCF
LOC_Os12g38940,MASEWDSPCQFCGKNFKRRGDLLNHELTCKYISDVHPQTESSGDAQARKDILGFHIPRQKRTVPAFPASDYAQGGINGATSEVKVDWDPEEETDVLEALLLLREQPAYPGEETFSDDEPGAGNVDDEPAASNNPDQVLKMCSDKGSSPVECYGGDERRVGACAIAGVEEDDLSPNVGCRGVTDCVDESDVIQKQKRKPDLSVADLRDLVEMKQQNMKADTNIHDQGHPSVMQMQKNELSLDLLPHKNSSDHEVPTLSVSSMDDPDGLVSTDTNSDKETETVNVGIDINIPEQRESSVTRMQNEKLGLNLLPRNDSSGHEVPILSVSSTDDLNSLIPTDTSSDKDTNSNVADRLGHCPAQE
LOC_Os12g40730,MDGCVHKFQSNQASTLDQTIQYMKSLQHQLKAMSVVGSPPALLYPAAVHPQSYMHPPPPPPPVTMPMHPGMVLAAPPPGAAPPPGPPAMVPFGAMLPYPPYPAVLLPPPAAATLYGRPPAPAPGVAARRHGSSGGGRISKSSSSSLCKKL
