M_1,regulation of transcription,LOC_Os02g08544,LOC_Os03g47740,LOC_Os06g43860,LOC_Os09g26870,LOC_Os05g41670,LOC_Os07g48570,LOC_Os03g07360,LOC_Os08g04390,LOC_Os03g08754,LOC_Os01g47760,LOC_Os07g48820,LOC_Os04g47990,LOC_Os02g39160,LOC_Os06g49840,LOC_Os11g06170,LOC_Os04g28260,LOC_Os10g39030,LOC_Os03g62640,LOC_Os02g57650,LOC_Os10g26620,LOC_Os02g52340,LOC_Os05g43040,LOC_Os02g36924,LOC_Os03g03164,LOC_Os08g02070,LOC_Os08g37580,LOC_Os07g41580,LOC_Os12g43950,LOC_Os08g19650,LOC_Os01g70890,LOC_Os12g42400,LOC_Os03g44540,LOC_Os09g38340,LOC_Os08g33488,LOC_Os04g23910,LOC_Os01g64020,LOC_Os10g25170,LOC_Os01g11910,LOC_Os09g10840,LOC_Os01g52410,LOC_Os06g02250,LOC_Os02g54520,LOC_Os05g02390,LOC_Os01g50720,LOC_Os06g04090,LOC_Os05g02420,LOC_Os04g50920,LOC_Os05g20930,LOC_Os03g20900,LOC_Os05g10690,LOC_Os08g15050,LOC_Os09g32260,LOC_Os05g51160,LOC_Os09g26170,LOC_Os03g56090,LOC_Os12g07640,LOC_Os01g57580,LOC_Os11g47460,LOC_Os03g58420,LOC_Os01g65080,LOC_Os01g18240,LOC_Os02g02370,LOC_Os09g33490,LOC_Os03g06930,LOC_Os11g05480,LOC_Os04g31290,LOC_Os01g48130,LOC_Os02g56600,LOC_Os09g29820,LOC_Os09g11460,LOC_Os04g44670,LOC_Os08g42400,LOC_Os05g48850,LOC_Os01g09080,LOC_Os03g17150,LOC_Os03g48970,LOC_Os02g07780,LOC_Os01g74410,LOC_Os03g51110,LOC_Os09g36250,LOC_Os08g15020,LOC_Os01g03890,LOC_Os02g41450,LOC_Os02g53100,LOC_Os03g42630,LOC_Os04g54474,LOC_Os07g44090,LOC_Os06g08440,LOC_Os12g39640,LOC_Os02g47060,LOC_Os03g41330,LOC_Os08g44830,LOC_Os03g52450,LOC_Os03g27090,LOC_Os02g10140,LOC_Os02g55250,LOC_Os07g01180,LOC_Os10g01470,LOC_Os05g40960,LOC_Os05g33810,LOC_Os11g10130,LOC_Os10g18099,LOC_Os03g19370,LOC_Os04g43560,LOC_Os10g33760,LOC_Os05g14370,LOC_Os04g50770,LOC_Os02g04640,LOC_Os12g37970,LOC_Os04g56990,LOC_Os03g14810,LOC_Os03g09280,LOC_Os01g07450,LOC_Os03g55220,LOC_Os01g60520,LOC_Os04g38770,LOC_Os08g07970,LOC_Os04g08060,LOC_Os10g35300,LOC_Os02g55320,LOC_Os08g03610,LOC_Os01g53040,LOC_Os03g09170,LOC_Os11g03300,LOC_Os07g22770,LOC_Os07g47330,LOC_Os07g41720,LOC_Os01g74140,LOC_Os01g69910,LOC_Os04g31900,LOC_Os01g67770,LOC_Os11g25560,LOC_Os03g03260,LOC_Os01g09550,LOC_Os05g41540,LOC_Os02g52780,LOC_Os02g52190,LOC_Os09g21180,LOC_Os06g48950,LOC_Os01g53260,LOC_Os04g50680,LOC_Os01g14010,LOC_Os02g45200,LOC_Os08g02300,LOC_Os03g04310,LOC_Os04g02510,LOC_Os08g10080,LOC_Os05g03760,LOC_Os04g38720,LOC_Os01g58760,LOC_Os07g48596,LOC_Os10g41260,LOC_Os06g49040,LOC_Os01g01430,LOC_Os12g41650,LOC_Os04g55520,LOC_Os12g32400,LOC_Os01g07430,LOC_Os08g05520,LOC_Os02g13710,LOC_Os04g53990,LOC_Os09g23620,LOC_Os07g48260,LOC_Os08g06120,LOC_Os07g40000,LOC_Os08g01330,LOC_Os04g46020,LOC_Os01g24070,LOC_Os04g32590,LOC_Os12g42190,LOC_Os11g47900,LOC_Os02g08500,LOC_Os05g37170,LOC_Os03g12860,LOC_Os02g34970,LOC_Os01g63460,LOC_Os05g42130,LOC_Os05g42180,LOC_Os01g07480,LOC_Os06g01480,LOC_Os02g31890,LOC_Os10g23050,LOC_Os07g48200,LOC_Os02g51670,LOC_Os07g39940,LOC_Os09g28210,LOC_Os04g35660,LOC_Os02g29550,LOC_Os03g08490,LOC_Os11g30370,LOC_Os06g35140,LOC_Os10g40390,LOC_Os11g06840,LOC_Os09g11480,LOC_Os03g53050,LOC_Os01g13520,LOC_Os07g40020,LOC_Os01g62130,LOC_Os05g09020,LOC_Os03g05590,LOC_Os04g41229,LOC_Os06g05380,LOC_Os02g53620,LOC_Os12g05680,LOC_Os03g22170,LOC_Os04g51560,LOC_Os08g13840,LOC_Os08g33590,LOC_Os01g08160,LOC_Os05g46610,LOC_Os10g01530,LOC_Os01g36460,LOC_Os08g38080,LOC_Os06g45310,LOC_Os06g49010,LOC_Os10g21560,LOC_Os10g27360,LOC_Os09g31390,LOC_Os02g46780,LOC_Os02g31160,LOC_Os07g48550,LOC_Os05g35500,LOC_Os04g45020,LOC_Os10g42130,LOC_Os06g08500,LOC_Os03g56580,LOC_Os12g41680,LOC_Os07g30774,LOC_Os06g41100,LOC_Os07g38240,LOC_Os03g46860,LOC_Os12g32250,LOC_Os11g08210,LOC_Os11g05740,LOC_Os03g29760,LOC_Os06g47150,LOC_Os01g02110,LOC_Os02g16540,LOC_Os04g50060,LOC_Os09g01960,LOC_Os06g09390,LOC_Os01g54600,LOC_Os03g49170,LOC_Os04g08290,LOC_Os02g22020,LOC_Os03g12350,LOC_Os04g52810,LOC_Os03g13600,LOC_Os07g39320,LOC_Os06g12230,LOC_Os04g46350,LOC_Os03g07880,LOC_Os05g41240,LOC_Os11g45740,LOC_Os05g25770,LOC_Os10g33810,LOC_Os11g47870,LOC_Os08g44940,LOC_Os08g37970,LOC_Os09g32040,LOC_Os06g51070,LOC_Os11g02470,LOC_Os04g49110,LOC_Os09g36730,LOC_Os02g04680,LOC_Os05g35170,LOC_Os01g13540,LOC_Os01g06640,LOC_Os04g33440,LOC_Os11g45950,LOC_Os12g10660,LOC_Os01g03720,LOC_Os12g33090,LOC_Os11g01480,LOC_Os08g33910,LOC_Os05g38140,LOC_Os07g32510,LOC_Os03g27390,LOC_Os05g45230,LOC_Os06g32860,LOC_Os07g49530,LOC_Os05g03800,LOC_Os06g02230,LOC_Os02g57490,LOC_Os03g16850,LOC_Os11g28270,LOC_Os03g03540,LOC_Os03g10210,LOC_Os07g43530,LOC_Os04g46680,LOC_Os03g61760,LOC_Os09g12770,LOC_Os02g42970, 
M_2,transcription,LOC_Os03g08460,LOC_Os01g64000,LOC_Os01g62920,LOC_Os04g52410,LOC_Os01g19694,LOC_Os08g43334,LOC_Os05g38120,LOC_Os03g51710,LOC_Os02g49370,LOC_Os01g62410,LOC_Os03g59460,LOC_Os08g45110,LOC_Os01g68370,LOC_Os11g05640,LOC_Os01g53650,LOC_Os12g06010,LOC_Os01g52090,LOC_Os03g50110,LOC_Os01g39020,LOC_Os02g33560,LOC_Os11g35030,LOC_Os03g07940,LOC_Os02g43820,LOC_Os03g20910,LOC_Os01g47710,LOC_Os08g01700,LOC_Os03g19900,LOC_Os01g12440,LOC_Os01g46870,LOC_Os04g01480,LOC_Os07g44640,LOC_Os02g07800,LOC_Os03g05480,LOC_Os03g50920,LOC_Os01g21120,LOC_Os07g47790,LOC_Os02g45570,LOC_Os04g52770,LOC_Os08g05510,LOC_Os06g46400,LOC_Os06g49080,LOC_Os01g63980,LOC_Os05g43380,LOC_Os11g30484,LOC_Os02g46940,LOC_Os07g44690,LOC_Os02g19804,LOC_Os05g28350,LOC_Os05g36100,LOC_Os06g08290,LOC_Os05g01550,LOC_Os01g42710,LOC_Os05g09630,LOC_Os04g41820,LOC_Os04g34970,LOC_Os02g18660,LOC_Os02g43170,LOC_Os06g41384,LOC_Os06g48534,LOC_Os04g38400,LOC_Os02g18370,LOC_Os02g06584,LOC_Os08g43200,LOC_Os04g30890,LOC_Os02g53150,LOC_Os08g29500,LOC_Os03g51330,LOC_Os08g19590,LOC_Os01g48446,LOC_Os06g14190,LOC_Os12g40590,LOC_Os03g21800,LOC_Os01g40670,LOC_Os08g36450,LOC_Os01g52680,LOC_Os01g74540,LOC_Os05g51830,LOC_Os01g67970,LOC_Os05g43920,LOC_Os04g57010,LOC_Os02g48060,LOC_Os08g06330,LOC_Os03g50900,LOC_Os07g13170,LOC_Os05g41070,LOC_Os01g59660,LOC_Os03g48450,LOC_Os02g07840,LOC_Os04g55970,LOC_Os01g13460,LOC_Os06g05890,LOC_Os03g05690,LOC_Os06g12400,LOC_Os01g59350,LOC_Os06g44750,LOC_Os03g60120,LOC_Os06g45840,LOC_Os02g34370,LOC_Os03g55164,LOC_Os05g36160,LOC_Os07g10890,LOC_Os04g02730,LOC_Os06g10710,LOC_Os07g39310,LOC_Os02g05510,LOC_Os01g39100,LOC_Os08g23470,LOC_Os06g02560,LOC_Os12g07790,LOC_Os04g57600,LOC_Os08g37920,LOC_Os06g40330,LOC_Os02g05450,LOC_Os03g06860,LOC_Os02g53690,LOC_Os02g34260,LOC_Os02g40070,LOC_Os08g43090,LOC_Os03g42430,LOC_Os01g51154,LOC_Os03g12120,LOC_Os05g34050,LOC_Os07g28910,LOC_Os10g07080,LOC_Os01g17260,LOC_Os06g30830,LOC_Os12g40710,LOC_Os03g63530,LOC_Os01g48320,LOC_Os02g09650,LOC_Os06g35900 ,LOC_Os12g09250 ,LOC_Os12g18120 ,LOC_Os02g38130 ,LOC_Os03g15660 ,LOC_Os12g40730 ,LOC_Os01g53220 ,LOC_Os08g04170 ,LOC_Os09g29830 ,LOC_Os02g13800 ,LOC_Os06g06900 ,LOC_Os02g34590 ,LOC_Os02g32590 ,LOC_Os08g06140 ,LOC_Os03g61570 ,LOC_Os01g70810 ,LOC_Os07g39480 ,LOC_Os06g35960 ,LOC_Os07g44950 ,LOC_Os03g12370 ,LOC_Os01g63160 ,LOC_Os06g41770 ,LOC_Os04g39960 ,LOC_Os01g49160 ,LOC_Os01g32770 ,LOC_Os03g33012 ,LOC_Os02g18460 ,LOC_Os03g05160 ,LOC_Os08g10560 ,LOC_Os07g48870 ,LOC_Os01g51610 ,LOC_Os01g04020 ,LOC_Os01g09620 ,LOC_Os05g34310 ,LOC_Os02g10080 ,LOC_Os03g63750 ,LOC_Os08g23880 ,LOC_Os03g13400 ,LOC_Os09g29130 ,LOC_Os08g37730 ,LOC_Os01g54210 ,LOC_Os01g72490 ,LOC_Os07g38090 ,LOC_Os08g06240 ,LOC_Os08g42440 ,LOC_Os01g09280 ,LOC_Os11g09160 ,LOC_Os12g38940 ,LOC_Os03g42240 ,LOC_Os08g14400 ,LOC_Os09g34950 ,LOC_Os08g36700 ,LOC_Os10g14040 ,LOC_Os12g42970 ,LOC_Os01g07120 ,LOC_Os03g31230 ,LOC_Os06g16400 ,LOC_Os06g47590 ,LOC_Os02g45480 ,LOC_Os03g03900 ,LOC_Os01g62660 ,LOC_Os12g33950 ,LOC_Os08g28214 ,LOC_Os02g47770 ,LOC_Os07g48560 ,LOC_Os04g40060 ,LOC_Os05g29810 ,LOC_Os05g45020 ,LOC_Os12g41920 ,LOC_Os12g07120 ,LOC_Os08g23570 ,LOC_Os07g31400 ,LOC_Os02g46030 ,LOC_Os06g09810 ,LOC_Os08g32990 ,LOC_Os01g32890 ,LOC_Os01g01600 ,LOC_Os01g45860 ,LOC_Os01g50110 ,LOC_Os08g39980 ,LOC_Os04g45750 ,LOC_Os03g42230 ,LOC_Os08g38990 ,LOC_Os01g07880 ,LOC_Os06g19980 ,LOC_Os10g17630 ,LOC_Os03g56010 ,LOC_Os12g38960 ,LOC_Os12g38200 ,LOC_Os04g11830 ,LOC_Os02g36510 ,LOC_Os05g37730 ,LOC_Os06g42630 ,LOC_Os03g10140 ,LOC_Os07g37920 ,LOC_Os01g55549 ,LOC_Os05g39590 ,LOC_Os04g46440 ,LOC_Os01g16810 ,LOC_Os03g26130 ,LOC_Os04g35800 ,LOC_Os04g40930 ,LOC_Os04g45650 ,LOC_Os04g42570 ,LOC_Os06g43910 ,LOC_Os02g52950 ,LOC_Os04g39520 ,LOC_Os09g34060 ,LOC_Os04g36590 ,LOC_Os01g55340 ,LOC_Os04g50090 ,LOC_Os10g02620 ,LOC_Os09g33550 ,LOC_Os05g34830 ,LOC_Os02g48270 ,LOC_Os11g07700 ,LOC_Os04g50070 ,LOC_Os04g27410 ,LOC_Os08g14880 ,LOC_Os03g03760 ,LOC_Os05g49010 ,LOC_Os05g27980 ,LOC_Os06g12360 ,LOC_Os02g06910 ,LOC_Os03g19120 ,LOC_Os05g31420 ,LOC_Os08g17100 ,LOC_Os01g16660 ,LOC_Os01g23770 ,LOC_Os05g49310 ,LOC_Os01g47560 ,LOC_Os01g08790 ,LOC_Os08g37810 ,LOC_Os01g55580 ,LOC_Os12g07280 ,LOC_Os02g16240 ,LOC_Os06g36930 ,LOC_Os12g06080 ,LOC_Os06g10780 ,LOC_Os02g30700 ,LOC_Os12g33070 ,LOC_Os01g62510 ,LOC_Os10g38000 ,LOC_Os02g09480 ,LOC_Os12g41950 ,LOC_Os05g14130 ,LOC_Os04g39050 ,LOC_Os06g50830 ,LOC_Os02g39540 ,LOC_Os09g01140 ,LOC_Os01g60540 ,LOC_Os11g45530 ,LOC_Os01g14420 ,LOC_Os10g33940 ,LOC_Os07g16330 ,LOC_Os03g62100 ,LOC_Os05g25260 ,LOC_Os07g44200 ,LOC_Os08g32440 ,LOC_Os04g10260 ,LOC_Os11g06410 
M_3,protein phosphorylation,LOC_Os03g12250,LOC_Os12g44340,LOC_Os04g45810,LOC_Os09g29460,LOC_Os09g35910,LOC_Os02g10110,LOC_Os03g50450,LOC_Os02g43330,LOC_Os11g40970,LOC_Os11g40810,LOC_Os11g47000,LOC_Os11g40890,LOC_Os11g01620,LOC_Os12g01700,LOC_Os11g35450,LOC_Os11g36120,LOC_Os11g35660,LOC_Os10g03100,LOC_Os12g11720,LOC_Os12g10870,LOC_Os11g20360,LOC_Os12g11940,LOC_Os06g38670,LOC_Os06g38930,LOC_Os06g38650,LOC_Os06g38590,LOC_Os06g38340,LOC_Os06g38780,LOC_Os08g24310,LOC_Os06g08690,LOC_Os06g38830,LOC_Os06g38730,LOC_Os06g08710,LOC_Os04g52780,LOC_Os06g38640,LOC_Os06g10230,LOC_Os07g14820,LOC_Os04g52640,LOC_Os09g17630,LOC_Os04g52600,LOC_Os04g55440,LOC_Os07g28300,LOC_Os04g55420,LOC_Os08g02440,LOC_Os08g39590,LOC_Os04g15660,LOC_Os04g15630,LOC_Os04g15650,LOC_Os03g18630,LOC_Os03g20450,LOC_Os03g50810,LOC_Os04g22470,LOC_Os03g27990,LOC_Os02g11980,LOC_Os02g12030,LOC_Os02g12010,LOC_Os02g12040,LOC_Os02g13780,LOC_Os02g01800,LOC_Os02g11930,LOC_Os02g10100,LOC_Os02g06030,LOC_Os02g06205,LOC_Os02g06070,LOC_Os02g06260,LOC_Os01g12790,LOC_Os01g49920,LOC_Os01g33110,LOC_Os01g06520,LOC_Os01g07280,LOC_Os01g06730,LOC_Os01g06790,LOC_Os01g06720,LOC_Os08g10310,LOC_Os08g10290,LOC_Os08g10320,LOC_Os08g10330,LOC_Os08g10300,LOC_Os12g13300,LOC_Os08g10150,LOC_Os11g19480,LOC_Os01g39600,LOC_Os01g72990,LOC_Os05g16824,LOC_Os05g16740,LOC_Os05g40270,LOC_Os05g17604,LOC_Os05g40770,LOC_Os01g60280,LOC_Os05g16430,LOC_Os03g21230,LOC_Os05g24010,LOC_Os04g52614,LOC_Os05g17810,LOC_Os01g60060,LOC_Os03g08550,LOC_Os05g16930,LOC_Os01g42294,LOC_Os06g38970,LOC_Os04g38910,LOC_Os01g33090,LOC_Os11g26130,LOC_Os12g10740,LOC_Os04g58910,LOC_Os01g06920,LOC_Os01g06670,LOC_Os01g04070,LOC_Os02g34790,LOC_Os10g33040,LOC_Os10g02990,LOC_Os07g31500,LOC_Os10g06760,LOC_Os10g32990,LOC_Os06g03970,LOC_Os04g57630,LOC_Os07g01710,LOC_Os12g08180,LOC_Os07g43350,LOC_Os01g68870,LOC_Os01g65650,LOC_Os01g52050,LOC_Os12g12120,LOC_Os12g12010,LOC_Os12g11860,LOC_Os12g11680,LOC_Os12g11370,LOC_Os12g12130,LOC_Os04g28210,LOC_Os12g11510,LOC_Os01g06900
M_4,regulation of transcription,LOC_Os07g03770,LOC_Os05g11414,LOC_Os02g13310,LOC_Os03g51690,LOC_Os06g36680,LOC_Os09g27650,LOC_Os04g53540,LOC_Os08g08820,LOC_Os09g24820,LOC_Os06g40960,LOC_Os12g42610,LOC_Os04g45330,LOC_Os01g55150,LOC_Os10g40810,LOC_Os04g56850,LOC_Os06g15480,LOC_Os03g07450,LOC_Os09g31140,LOC_Os07g06620,LOC_Os04g57610,LOC_Os11g32100,LOC_Os04g51190,LOC_Os09g33580,LOC_Os01g63510,LOC_Os08g44190,LOC_Os10g42490,LOC_Os02g01380,LOC_Os02g46560,LOC_Os02g45250,LOC_Os06g46410,LOC_Os08g42470,LOC_Os07g03250,LOC_Os09g23200,LOC_Os02g42950,LOC_Os12g38400,LOC_Os04g48510,LOC_Os11g39000,LOC_Os01g66590,LOC_Os05g50310,LOC_Os07g43580,LOC_Os02g47280,LOC_Os03g47730,LOC_Os04g44440,LOC_Os09g35760,LOC_Os04g51000,LOC_Os03g06850,LOC_Os03g11600,LOC_Os03g47140,LOC_Os03g63810,LOC_Os02g45850,LOC_Os01g68700,LOC_Os01g60960,LOC_Os10g37240,LOC_Os03g42420,LOC_Os04g33420,LOC_Os10g26500,LOC_Os01g42970,LOC_Os08g40030,LOC_Os02g51320,LOC_Os02g42380,LOC_Os06g10310,LOC_Os04g31730,LOC_Os02g17460,LOC_Os02g51280,LOC_Os08g36390,LOC_Os05g48870,LOC_Os09g26210,LOC_Os01g19970,LOC_Os02g56140,LOC_Os10g36420,LOC_Os08g33940,LOC_Os01g47360,LOC_Os01g43590,LOC_Os01g54990,LOC_Os08g04190,LOC_Os01g57650,LOC_Os02g47660,LOC_Os04g59430,LOC_Os10g41130,LOC_Os03g01890,LOC_Os08g01090,LOC_Os06g10880,LOC_Os02g47744,LOC_Os03g42100,LOC_Os01g64730,LOC_Os09g12750,LOC_Os05g46370,LOC_Os06g05350,LOC_Os03g02240,LOC_Os09g39660,LOC_Os01g67830,LOC_Os05g41790,LOC_Os01g04800,LOC_Os01g51140,LOC_Os03g07830 ,LOC_Os06g30090 ,LOC_Os09g32510 ,LOC_Os09g31438 
M_5,protein phosphorylation,LOC_Os06g10160,LOC_Os04g38480,LOC_Os03g16010,LOC_Os02g40240,LOC_Os01g74020,LOC_Os07g37270,LOC_Os01g66130,LOC_Os08g07760,LOC_Os08g34380,LOC_Os06g17285,LOC_Os11g07120,LOC_Os11g07140,LOC_Os10g18990,LOC_Os03g21730,LOC_Os07g42626,LOC_Os02g12450,LOC_Os01g60670,LOC_Os05g40050,LOC_Os04g52590,LOC_Os04g52630,LOC_Os03g21510,LOC_Os07g48310,LOC_Os03g57780,LOC_Os05g40200,LOC_Os07g07230,LOC_Os02g12400,LOC_Os02g12420,LOC_Os01g72700,LOC_Os02g12440,LOC_Os01g05960,LOC_Os07g03000,LOC_Os01g05870,LOC_Os01g05940,LOC_Os01g05980,LOC_Os02g42370,LOC_Os06g45630,LOC_Os01g33950,LOC_Os01g05640,LOC_Os06g23190,LOC_Os07g03990,LOC_Os06g16070,LOC_Os02g40180,LOC_Os04g03210,LOC_Os02g40200,LOC_Os03g03570,LOC_Os02g30540,LOC_Os06g47700,LOC_Os07g05190,LOC_Os01g60330,LOC_Os02g17710,LOC_Os09g25540,LOC_Os11g36090,LOC_Os11g36160,LOC_Os11g36180,LOC_Os11g36140,LOC_Os12g42520,LOC_Os11g35500,LOC_Os11g36150,LOC_Os11g29790,LOC_Os10g22890,LOC_Os10g19160,LOC_Os10g22860,LOC_Os11g47180,LOC_Os08g14990,LOC_Os11g46970,LOC_Os11g07230,LOC_Os11g47030,LOC_Os11g47300,LOC_Os11g07225,LOC_Os11g46980,LOC_Os11g36190,LOC_Os11g07180,LOC_Os11g10310,LOC_Os11g07060,LOC_Os11g07270,LOC_Os11g07100,LOC_Os11g07260,LOC_Os11g07200,LOC_Os11g47240,LOC_Os10g13970,LOC_Os11g07160,LOC_Os11g07170,LOC_Os11g07240,LOC_Os11g47210,LOC_Os10g38800,LOC_Os11g47310,LOC_Os01g12390,LOC_Os05g07850,LOC_Os10g25090,LOC_Os06g45020,LOC_Os05g03620,LOC_Os02g09740,LOC_Os02g07960,LOC_Os04g09560
M_6,regulation of transcription,LOC_Os03g56950,LOC_Os02g40510,LOC_Os06g01934,LOC_Os03g52239,LOC_Os11g06020,LOC_Os06g45640,LOC_Os03g14669,LOC_Os08g07740,LOC_Os06g11330,LOC_Os03g50310,LOC_Os11g35390,LOC_Os06g24070,LOC_Os06g37450,LOC_Os02g12790,LOC_Os02g43560,LOC_Os04g46060,LOC_Os06g15330,LOC_Os01g13740,LOC_Os04g42020,LOC_Os05g03900,LOC_Os01g55750,LOC_Os05g34600,LOC_Os01g38610,LOC_Os03g06630,LOC_Os09g24810,LOC_Os12g03150,LOC_Os04g56170,LOC_Os05g43760,LOC_Os04g41560,LOC_Os02g39710,LOC_Os07g05010,LOC_Os02g36890,LOC_Os06g40150,LOC_Os09g06464,LOC_Os05g11510,LOC_Os01g70310,LOC_Os07g47140,LOC_Os01g34060,LOC_Os07g13260,LOC_Os12g40920,LOC_Os04g23440,LOC_Os04g47890,LOC_Os12g01490,LOC_Os08g33660,LOC_Os01g69830,LOC_Os03g45194,LOC_Os01g43230,LOC_Os02g02480,LOC_Os01g68860,LOC_Os02g04810,LOC_Os01g52540,LOC_Os01g57890,LOC_Os07g32170,LOC_Os03g21060,LOC_Os04g38740,LOC_Os03g25550,LOC_Os01g66490,LOC_Os02g45054,LOC_Os03g03000,LOC_Os03g47016,LOC_Os12g41060,LOC_Os02g49880,LOC_Os05g50900,LOC_Os03g47970,LOC_Os08g41940 ,LOC_Os11g32110 ,LOC_Os07g38030 
M_7,protein phosphorylation,LOC_Os01g66610,LOC_Os03g43670,LOC_Os01g66640,LOC_Os01g45520,LOC_Os01g40499,LOC_Os01g66680,LOC_Os01g12290,LOC_Os05g07080,LOC_Os03g35600,LOC_Os01g57480,LOC_Os01g57510,LOC_Os04g54070,LOC_Os04g54002,LOC_Os04g54120,LOC_Os04g15580,LOC_Os04g53998,LOC_Os04g54020,LOC_Os04g54080,LOC_Os08g08140,LOC_Os01g10710,LOC_Os01g47820,LOC_Os01g47840,LOC_Os01g47900,LOC_Os01g48040,LOC_Os02g52850,LOC_Os01g48020,LOC_Os01g66250,LOC_Os01g48000,LOC_Os01g10700,LOC_Os04g54010,LOC_Os09g37810,LOC_Os02g56400,LOC_Os04g51030,LOC_Os06g06960,LOC_Os12g07800,LOC_Os09g29510,LOC_Os08g13870,LOC_Os06g06940,LOC_Os03g61310,LOC_Os09g29560,LOC_Os12g03670,LOC_Os04g56090,LOC_Os04g56080,LOC_Os06g37690,LOC_Os06g37750,LOC_Os12g34320,LOC_Os09g20740,LOC_Os09g29584,LOC_Os12g03640,LOC_Os06g17490,LOC_Os09g29600,LOC_Os04g39930,LOC_Os04g12540,LOC_Os03g62180,LOC_Os06g41510,LOC_Os10g01100,LOC_Os06g29810,LOC_Os04g23760,LOC_Os04g23720,LOC_Os10g02284,LOC_Os12g44320,LOC_Os04g23700,LOC_Os04g23600,LOC_Os06g35850
M_8,post-translational protein modification,LOC_Os06g06090,LOC_Os07g38810,LOC_Os02g05480,LOC_Os02g41590,LOC_Os05g13580,LOC_Os03g17700,LOC_Os02g57260,LOC_Os04g55650,LOC_Os05g50190,LOC_Os06g27890,LOC_Os06g48590,LOC_Os03g18150,LOC_Os08g06060,LOC_Os02g42780,LOC_Os03g15250,LOC_Os04g44900,LOC_Os04g44910,LOC_Os06g14260,LOC_Os07g03780,LOC_Os07g03810,LOC_Os07g03830,LOC_Os07g03840,LOC_Os07g03860,LOC_Os07g03870,LOC_Os07g03880,LOC_Os07g03900,LOC_Os07g18230,LOC_Os07g18240,LOC_Os09g09500,LOC_Os10g30530,LOC_Os10g30540,LOC_Os10g38950,LOC_Os07g03790,LOC_Os07g03970,LOC_Os09g09510,LOC_Os07g04000,LOC_Os02g19530,LOC_Os07g03930,LOC_Os07g04040,LOC_Os07g04130,LOC_Os01g49529,LOC_Os01g12420,LOC_Os02g19550,LOC_Os02g32430,LOC_Os02g47410,LOC_Os04g51370,LOC_Os08g03160,LOC_Os08g03240,LOC_Os12g41510,LOC_Os08g03150,LOC_Os09g28180,LOC_Os09g16950,LOC_Os05g03450,LOC_Os02g26160 ,LOC_Os06g20340 ,LOC_Os02g48840 ,LOC_Os06g22070 ,LOC_Os01g05010 ,LOC_Os01g05050 ,LOC_Os01g05060 ,LOC_Os05g38210 
M_9,protein catabolic process,LOC_Os09g15750,LOC_Os08g12820,LOC_Os06g48640,LOC_Os02g05340,LOC_Os08g43640,LOC_Os09g37000,LOC_Os04g36700,LOC_Os02g56000,LOC_Os02g10640,LOC_Os06g40560,LOC_Os02g54340,LOC_Os11g40140,LOC_Os07g25420,LOC_Os03g08280,LOC_Os03g18690,LOC_Os07g49150,LOC_Os01g59600,LOC_Os05g41180,LOC_Os06g07630,LOC_Os05g48340,LOC_Os06g07140,LOC_Os06g07878,LOC_Os06g07978,LOC_Os03g48930,LOC_Os03g11570,LOC_Os02g38810,LOC_Os04g40850,LOC_Os02g53060,LOC_Os06g04800,LOC_Os02g11050,LOC_Os02g04100,LOC_Os02g21970,LOC_Os05g09490,LOC_Os06g43570,LOC_Os07g42260,LOC_Os03g26970,LOC_Os02g42320,LOC_Os01g32800,LOC_Os04g51910,LOC_Os05g51640,LOC_Os09g25310,LOC_Os09g36710,LOC_Os08g43540,LOC_Os09g32800,LOC_Os08g41730,LOC_Os06g06030,LOC_Os09g33986,LOC_Os01g65450,LOC_Os06g39870,LOC_Os06g09290,LOC_Os03g55110,LOC_Os03g37950,LOC_Os05g06690
M_10,metabolic process,LOC_Os01g15260,LOC_Os07g14630,LOC_Os07g30469,LOC_Os07g30369,LOC_Os09g03140,LOC_Os10g17489,LOC_Os04g12980,LOC_Os07g30620,LOC_Os07g30330,LOC_Os07g30610,LOC_Os07g30760,LOC_Os04g12970,LOC_Os04g12960,LOC_Os04g12900,LOC_Os04g12720,LOC_Os04g12950,LOC_Os09g34250,LOC_Os09g34230,LOC_Os09g34270,LOC_Os03g55010,LOC_Os03g55020,LOC_Os03g55030,LOC_Os03g55050,LOC_Os03g55040,LOC_Os08g31200,LOC_Os02g36840,LOC_Os04g25440,LOC_Os02g36810,LOC_Os02g51910,LOC_Os04g25490,LOC_Os02g51900,LOC_Os04g37820,LOC_Os02g09510,LOC_Os02g51930,LOC_Os06g11720,LOC_Os07g13770,LOC_Os07g42970,LOC_Os05g47950,LOC_Os01g49240,LOC_Os10g30560,LOC_Os02g28900,LOC_Os03g60960,LOC_Os04g44354,LOC_Os07g13810,LOC_Os07g13660,LOC_Os01g49230,LOC_Os07g13800,LOC_Os07g13634,LOC_Os02g42280,LOC_Os11g25454 ,LOC_Os08g07200 ,LOC_Os07g13940 ,LOC_Os08g07270 
M_11,protein phosphorylation,LOC_Os02g43430,LOC_Os09g19700,LOC_Os01g22900,LOC_Os03g44620,LOC_Os03g16020,LOC_Os03g16030,LOC_Os03g16040,LOC_Os04g36750,LOC_Os11g13980,LOC_Os06g14240,LOC_Os03g15960,LOC_Os01g04380,LOC_Os02g03570,LOC_Os01g08860,LOC_Os02g48140,LOC_Os02g12610,LOC_Os02g54140,LOC_Os01g04370,LOC_Os01g04360,LOC_Os01g04340,LOC_Os01g04350,LOC_Os03g57340,LOC_Os04g46390,LOC_Os02g43930,LOC_Os03g29410,LOC_Os01g12720,LOC_Os03g16260,LOC_Os03g38710,LOC_Os03g56470,LOC_Os02g02040,LOC_Os11g09110,LOC_Os12g17550,LOC_Os01g06760,LOC_Os05g02020,LOC_Os06g29080,LOC_Os10g01560,LOC_Os09g14580,LOC_Os06g45350,LOC_Os05g01040,LOC_Os03g62340,LOC_Os03g13820,LOC_Os09g39930,LOC_Os05g51400,LOC_Os01g51290,LOC_Os05g33080,LOC_Os05g36050,LOC_Os10g38920,LOC_Os05g25540,LOC_Os06g42800
M_12,phosphorylation,LOC_Os03g48270,LOC_Os06g50030,LOC_Os01g43410,LOC_Os05g50810,LOC_Os11g04520,LOC_Os12g04290,LOC_Os09g11230,LOC_Os10g27050,LOC_Os03g07150,LOC_Os03g59060,LOC_Os06g45590,LOC_Os08g03290,LOC_Os02g07490,LOC_Os04g40950,LOC_Os02g38920,LOC_Os02g33450,LOC_Os06g07760,LOC_Os07g09310,LOC_Os03g58630,LOC_Os07g08840,LOC_Os07g06740,LOC_Os03g57510,LOC_Os03g57450,LOC_Os12g30150,LOC_Os04g49510,LOC_Os02g46090,LOC_Os02g58520,LOC_Os11g07040,LOC_Os12g07230,LOC_Os03g03660,LOC_Os12g03970,LOC_Os11g04170,LOC_Os05g41270,LOC_Os07g33110,LOC_Os10g39420,LOC_Os04g47300,LOC_Os05g39090,LOC_Os03g59390,LOC_Os07g38120,LOC_Os12g12860,LOC_Os09g33910,LOC_Os08g42750,LOC_Os07g22710,LOC_Os07g44710,LOC_Os07g42770,LOC_Os10g36710,LOC_Os01g59360,LOC_Os01g61590,LOC_Os02g03410 
M_13,regulation of transcription,LOC_Os06g06540,LOC_Os06g42990,LOC_Os01g39160,LOC_Os10g35660,LOC_Os01g18440,LOC_Os01g48470,LOC_Os10g20990,LOC_Os03g39100,LOC_Os10g39190,LOC_Os06g05340,LOC_Os08g02160,LOC_Os04g28130,LOC_Os05g31380,LOC_Os03g18480,LOC_Os12g06540,LOC_Os11g31380,LOC_Os01g67670,LOC_Os04g27990,LOC_Os02g51310,LOC_Os06g09790,LOC_Os07g12210,LOC_Os01g29840,LOC_Os04g42940,LOC_Os01g11510,LOC_Os09g02780,LOC_Os07g40080,LOC_Os03g29480,LOC_Os02g49250,LOC_Os03g25120,LOC_Os04g46580,LOC_Os06g10900,LOC_Os12g22630,LOC_Os01g23760,LOC_Os01g61480,LOC_Os06g23650,LOC_Os12g03554,LOC_Os05g50130,LOC_Os02g43940,LOC_Os05g25960,LOC_Os11g13930,LOC_Os04g39470,LOC_Os02g15760,LOC_Os08g27220,LOC_Os05g51820,LOC_Os01g62310,LOC_Os12g43620,LOC_Os02g08070,LOC_Os06g14700
M_14,regulation of transcription,LOC_Os08g44050,LOC_Os02g44360,LOC_Os02g44370,LOC_Os02g39140,LOC_Os05g03040,LOC_Os03g08470,LOC_Os05g48010,LOC_Os07g39800,LOC_Os01g39330,LOC_Os07g42510,LOC_Os01g11350,LOC_Os08g33750,LOC_Os04g45690,LOC_Os06g46270,LOC_Os07g39220,LOC_Os01g09850,LOC_Os06g04870,LOC_Os03g08960,LOC_Os08g43160,LOC_Os06g11860,LOC_Os09g28354,LOC_Os08g41320,LOC_Os04g46400,LOC_Os01g70110,LOC_Os01g71790,LOC_Os02g03580,LOC_Os06g04850,LOC_Os04g46860,LOC_Os12g21700,LOC_Os12g29330,LOC_Os03g21030,LOC_Os09g16510,LOC_Os02g56250,LOC_Os03g02900,LOC_Os06g01620,LOC_Os08g32080,LOC_Os11g03420,LOC_Os02g03960,LOC_Os04g36054,LOC_Os08g29660,LOC_Os07g30130,LOC_Os01g68560,LOC_Os11g48000,LOC_Os02g35140 
M_15,regulation of cellular biosynthetic process,LOC_Os02g49230,LOC_Os03g58160,LOC_Os05g41450,LOC_Os03g08500,LOC_Os01g09640,LOC_Os12g41880,LOC_Os05g10670,LOC_Os09g29960,LOC_Os06g07020,LOC_Os03g12940,LOC_Os11g16290,LOC_Os05g48820,LOC_Os09g30400,LOC_Os07g07974,LOC_Os08g17400,LOC_Os03g09100,LOC_Os06g01670,LOC_Os05g03550,LOC_Os09g28310,LOC_Os01g64560,LOC_Os06g40710,LOC_Os06g22670,LOC_Os07g04700,LOC_Os06g07010,LOC_Os09g13940,LOC_Os02g34680,LOC_Os06g01230,LOC_Os03g13790,LOC_Os03g55590,LOC_Os09g35880,LOC_Os03g15010,LOC_Os10g28340,LOC_Os06g51260,LOC_Os04g58020,LOC_Os06g29020,LOC_Os01g41900,LOC_Os07g02800,LOC_Os08g43550,LOC_Os10g41230,LOC_Os11g38870,LOC_Os02g53670,LOC_Os07g08140,LOC_Os12g10630
M_16,cellular protein metabolic process,LOC_Os08g39140,LOC_Os09g30412,LOC_Os09g30418,LOC_Os04g01740,LOC_Os07g04820,LOC_Os06g13320,LOC_Os04g56110,LOC_Os01g02840,LOC_Os01g14926,LOC_Os07g04810,LOC_Os02g44642,LOC_Os05g03910,LOC_Os02g43020,LOC_Os04g45480,LOC_Os04g52200,LOC_Os12g21798,LOC_Os03g53910,LOC_Os03g10340,LOC_Os02g18550,LOC_Os10g38278,LOC_Os10g21234,LOC_Os02g24612,LOC_Os05g11550,LOC_Os09g28050,LOC_Os06g11320,LOC_Os02g52360,LOC_Os12g19549,LOC_Os04g35700,LOC_Os11g10100,LOC_Os07g02780,LOC_Os08g36150,LOC_Os08g27070,LOC_Os04g47240,LOC_Os08g16580,LOC_Os02g35010,LOC_Os03g55560,LOC_Os03g26460,LOC_Os03g45270,LOC_Os02g46150 
M_17,regulation of transcription,LOC_Os03g20310,LOC_Os02g38480,LOC_Os01g58740,LOC_Os03g43684,LOC_Os08g07290,LOC_Os05g39930,LOC_Os12g41200,LOC_Os08g36790,LOC_Os06g21390,LOC_Os01g09590,LOC_Os03g58330,LOC_Os04g41850,LOC_Os07g37610,LOC_Os12g06520,LOC_Os02g29340,LOC_Os04g42950,LOC_Os04g48070,LOC_Os06g07030,LOC_Os03g21240,LOC_Os07g35870,LOC_Os01g43550,LOC_Os01g69850,LOC_Os12g41210,LOC_Os06g09370,LOC_Os03g14850,LOC_Os02g36360,LOC_Os06g14670,LOC_Os09g27850,LOC_Os09g37710,LOC_Os11g34200,LOC_Os05g27930,LOC_Os09g31400,LOC_Os02g47190,LOC_Os07g37630,LOC_Os02g54160,LOC_Os09g29930,LOC_Os12g03660,LOC_Os05g50080
M_18,cellular protein metabolic process,LOC_Os02g58640,LOC_Os03g08770,LOC_Os03g37580,LOC_Os01g57260,LOC_Os03g13170,LOC_Os09g39500,LOC_Os06g46770,LOC_Os03g03920,LOC_Os06g15360,LOC_Os08g33340,LOC_Os09g24200,LOC_Os02g08300,LOC_Os02g10510,LOC_Os06g22650,LOC_Os05g06770,LOC_Os01g22490,LOC_Os05g44390,LOC_Os07g31540,LOC_Os06g01390,LOC_Os11g09329,LOC_Os08g01740,LOC_Os01g12880,LOC_Os05g27320,LOC_Os01g61030,LOC_Os01g08560,LOC_Os11g01510,LOC_Os12g01520,LOC_Os07g49230,LOC_Os03g18380,LOC_Os05g08840,LOC_Os07g10660,LOC_Os03g59310,LOC_Os06g19680,LOC_Os04g47590,LOC_Os02g43760 ,LOC_Os04g57190 ,LOC_Os04g46190 ,LOC_Os06g09330 
M_19,actin cytoskeleton organization,LOC_Os07g35370,LOC_Os01g64630,LOC_Os05g36290,LOC_Os11g06390,LOC_Os05g01600,LOC_Os12g06660,LOC_Os03g08440,LOC_Os03g46490,LOC_Os03g50885,LOC_Os03g61970,LOC_Os01g73310,LOC_Os10g36650,LOC_Os07g42450,LOC_Os04g46910,LOC_Os02g44470,LOC_Os07g30090,LOC_Os03g56790,LOC_Os10g37670,LOC_Os03g13950,LOC_Os03g60580,LOC_Os07g20170,LOC_Os12g43340,LOC_Os08g34780,LOC_Os03g51250,LOC_Os10g17680,LOC_Os10g17660,LOC_Os06g05880,LOC_Os05g48290,LOC_Os03g42220,LOC_Os03g59020,LOC_Os02g22780,LOC_Os10g37060,LOC_Os01g03510,LOC_Os05g48510
M_20,metabolic process,LOC_Os02g14790,LOC_Os02g03540,LOC_Os03g01018,LOC_Os06g41360,LOC_Os10g32550,LOC_Os03g04970,LOC_Os05g46290,LOC_Os02g49720,LOC_Os06g15990,LOC_Os03g25050,LOC_Os07g44740,LOC_Os03g62250,LOC_Os03g62260,LOC_Os08g13930,LOC_Os03g16150,LOC_Os01g62840,LOC_Os02g57240,LOC_Os10g37210,LOC_Os10g25140,LOC_Os10g25130,LOC_Os09g26380,LOC_Os07g42600,LOC_Os07g01760,LOC_Os03g08530,LOC_Os09g08130,LOC_Os08g23150,LOC_Os04g39270,LOC_Os01g49900,LOC_Os10g41150,LOC_Os01g53450,LOC_Os03g22610 ,LOC_Os05g47630 ,LOC_Os10g37660 
M_21,protein phosphorylation,LOC_Os10g02250,LOC_Os10g06090,LOC_Os10g06140,LOC_Os10g06030,LOC_Os10g09620,LOC_Os11g47110,LOC_Os10g02720,LOC_Os11g47140,LOC_Os11g46950,LOC_Os11g47150,LOC_Os01g26174,LOC_Os01g26280,LOC_Os04g43730,LOC_Os02g41500,LOC_Os06g07330,LOC_Os02g02120,LOC_Os02g56630,LOC_Os04g51050,LOC_Os04g51040,LOC_Os03g44140,LOC_Os03g44050,LOC_Os10g09700,LOC_Os10g17910,LOC_Os08g39170,LOC_Os05g25390,LOC_Os05g47770,LOC_Os10g09550,LOC_Os12g42070,LOC_Os12g42040,LOC_Os12g42060
M_22,No enrichment function,LOC_Os04g46450,LOC_Os03g02680,LOC_Os03g01850,LOC_Os01g74146,LOC_Os04g47580,LOC_Os03g03150,LOC_Os06g51110,LOC_Os04g46000,LOC_Os10g41430,LOC_Os04g46660,LOC_Os06g47320,LOC_Os01g59120,LOC_Os05g33040,LOC_Os05g41390,LOC_Os10g41590,LOC_Os02g03060,LOC_Os01g17402,LOC_Os05g46270,LOC_Os01g05500,LOC_Os06g20370,LOC_Os06g40840,LOC_Os05g33890,LOC_Os05g47970,LOC_Os09g27700,LOC_Os03g13460,LOC_Os08g41890,LOC_Os02g48830,LOC_Os02g03400,LOC_Os01g49200 
M_23,cellular metabolic process,LOC_Os05g45420,LOC_Os02g38800,LOC_Os02g57200,LOC_Os05g44900,LOC_Os01g53730,LOC_Os05g41220,LOC_Os02g38690,LOC_Os03g20340,LOC_Os03g63940,LOC_Os05g08970,LOC_Os01g08970,LOC_Os07g48790,LOC_Os03g17980,LOC_Os05g48810,LOC_Os01g13760,LOC_Os02g20394,LOC_Os08g06460,LOC_Os05g03630,LOC_Os08g28700,LOC_Os04g32880,LOC_Os08g37800,LOC_Os03g50330,LOC_Os10g21910,LOC_Os05g22940,LOC_Os03g50390,LOC_Os12g42660,LOC_Os03g18310,LOC_Os05g07130
M_24,chromatin assembly factor,LOC_Os03g01910,LOC_Os03g63400,LOC_Os10g34180,LOC_Os02g04660,LOC_Os05g49860,LOC_Os07g36140,LOC_Os01g06010,LOC_Os01g05970,LOC_Os01g05900,LOC_Os01g05630,LOC_Os01g05610,LOC_Os08g38300,LOC_Os09g17850,LOC_Os03g51200,LOC_Os01g62230,LOC_Os12g25120,LOC_Os12g34510,LOC_Os02g27950,LOC_Os10g31000,LOC_Os05g01230,LOC_Os04g22240,LOC_Os05g10770,LOC_Os10g06130,LOC_Os11g14430,LOC_Os12g04180,LOC_Os11g04390
M_25,microtubule-based process,LOC_Os10g36880,LOC_Os02g02890,LOC_Os05g06450,LOC_Os01g16960,LOC_Os04g58110,LOC_Os03g20880,LOC_Os02g14860,LOC_Os10g34670,LOC_Os04g59000,LOC_Os08g01270,LOC_Os03g18550,LOC_Os12g30060,LOC_Os12g37590,LOC_Os11g36050,LOC_Os03g51600,LOC_Os03g11970,LOC_Os11g14220,LOC_Os07g38730,LOC_Os04g42330,LOC_Os09g27370,LOC_Os09g39780,LOC_Os06g49480,LOC_Os10g34750,LOC_Os03g43020,LOC_Os04g59560,LOC_Os05g01500
M_26,DNA-dependent transcription initiation,LOC_Os01g23630,LOC_Os01g62820,LOC_Os03g45410,LOC_Os06g43790,LOC_Os02g43750,LOC_Os03g29470,LOC_Os03g53960,LOC_Os10g28040,LOC_Os01g48810,LOC_Os09g24440,LOC_Os09g26180,LOC_Os03g32590,LOC_Os06g44030,LOC_Os01g63940,LOC_Os07g42150,LOC_Os04g55360,LOC_Os01g32750,LOC_Os10g29660,LOC_Os01g69110,LOC_Os04g58350,LOC_Os08g27850,LOC_Os09g37910,LOC_Os02g13530,LOC_Os06g36160,LOC_Os01g52490,LOC_Os02g44930 
M_27,phosphorylation,LOC_Os02g14130,LOC_Os09g24320,LOC_Os01g70270,LOC_Os01g19150,LOC_Os02g46620,LOC_Os06g30750,LOC_Os01g14860,LOC_Os03g62500,LOC_Os05g11730,LOC_Os01g10840,LOC_Os10g37740,LOC_Os03g17070,LOC_Os04g43490,LOC_Os02g56560,LOC_Os01g51200,LOC_Os05g51560,LOC_Os02g40860,LOC_Os10g33650,LOC_Os01g38950,LOC_Os01g16930,LOC_Os05g04340,LOC_Os06g35530,LOC_Os03g40700,LOC_Os07g23169,LOC_Os02g50360
M_28,regulation of transcription DNA-dependent,LOC_Os01g10504,LOC_Os04g57020,LOC_Os03g54160,LOC_Os03g11614,LOC_Os02g45770,LOC_Os06g06750,LOC_Os08g41950,LOC_Os07g01820,LOC_Os04g49150,LOC_Os07g41370,LOC_Os12g10540,LOC_Os09g32948,LOC_Os10g39130,LOC_Os03g20580,LOC_Os01g66030,LOC_Os06g45650,LOC_Os02g07430,LOC_Os02g49840,LOC_Os07g06470,LOC_Os12g31748,LOC_Os12g10520,LOC_Os03g54170,LOC_Os01g66290,LOC_Os08g39890 ,LOC_Os06g01890 
M_29,vesicle-mediated transport,LOC_Os01g63690,LOC_Os07g07000,LOC_Os02g24080,LOC_Os03g52650,LOC_Os02g25580,LOC_Os11g06740,LOC_Os03g57310,LOC_Os01g51120,LOC_Os01g73230,LOC_Os06g39050,LOC_Os07g49300,LOC_Os06g07200,LOC_Os02g32740,LOC_Os03g11380,LOC_Os02g55990,LOC_Os04g33190,LOC_Os06g07780,LOC_Os12g07050,LOC_Os06g04450,LOC_Os04g18030,LOC_Os10g06540,LOC_Os01g37980,LOC_Os02g32490
M_30,protein dephosphorylation,LOC_Os01g27210,LOC_Os01g27390,LOC_Os01g27260,LOC_Os01g27360,LOC_Os01g27340,LOC_Os01g27630,LOC_Os01g55830,LOC_Os01g27380,LOC_Os05g05620,LOC_Os01g27480,LOC_Os01g70770,LOC_Os03g04260,LOC_Os03g04250,LOC_Os03g04240,LOC_Os01g25100,LOC_Os10g39740,LOC_Os03g04220,LOC_Os04g28180,LOC_Os02g28810,LOC_Os06g44210,LOC_Os02g08364,LOC_Os09g38550,LOC_Os07g44630 
M_31,mRNA metabolic process,LOC_Os04g28090,LOC_Os10g32880,LOC_Os03g21990,LOC_Os01g16010,LOC_Os02g14780,LOC_Os03g15700,LOC_Os03g50850,LOC_Os05g24970,LOC_Os02g58090,LOC_Os10g31900,LOC_Os02g01250,LOC_Os03g13760,LOC_Os02g05310,LOC_Os02g27790,LOC_Os07g07220,LOC_Os03g29740,LOC_Os07g41790,LOC_Os04g39444,LOC_Os02g37430,LOC_Os02g04480,LOC_Os12g43600,LOC_Os03g46770
M_32,regulation of gene expression,LOC_Os03g53020,LOC_Os02g41510,LOC_Os01g73770,LOC_Os08g36920,LOC_Os03g55540,LOC_Os01g09100,LOC_Os04g43680,LOC_Os03g32220,LOC_Os03g64260,LOC_Os05g37190,LOC_Os05g39720,LOC_Os05g07010,LOC_Os01g60600,LOC_Os01g19330,LOC_Os03g32230,LOC_Os01g06320,LOC_Os08g35240,LOC_Os02g40530,LOC_Os12g37690,LOC_Os05g37080,LOC_Os02g45420,LOC_Os01g60490 
M_33,protein localization to nucleus,LOC_Os05g46560,LOC_Os01g14950,LOC_Os05g49890,LOC_Os10g33770,LOC_Os05g06350,LOC_Os07g38760,LOC_Os03g49420,LOC_Os01g24060,LOC_Os05g28190,LOC_Os01g13430,LOC_Os04g26841,LOC_Os05g33870,LOC_Os07g19494,LOC_Os08g42000,LOC_Os03g18180,LOC_Os05g28290,LOC_Os12g38110,LOC_Os05g28510,LOC_Os07g42180,LOC_Os03g18190,LOC_Os07g49260
M_34,regulation of transcription,LOC_Os02g45450,LOC_Os09g35010,LOC_Os04g48350,LOC_Os09g28440,LOC_Os03g60560,LOC_Os03g60570,LOC_Os02g52670,LOC_Os06g03670,LOC_Os01g58420,LOC_Os07g36170,LOC_Os09g35030,LOC_Os05g41760,LOC_Os05g48690,LOC_Os01g60640,LOC_Os04g49450,LOC_Os03g20090,LOC_Os02g08440,LOC_Os02g54050,LOC_Os01g66120,LOC_Os08g31580,LOC_Os01g48290 
M_35,phosphorylation,LOC_Os04g38870,LOC_Os02g36974,LOC_Os03g05470,LOC_Os03g50290,LOC_Os08g33370,LOC_Os08g37490,LOC_Os04g53350,LOC_Os07g47620,LOC_Os01g01420,LOC_Os02g55200,LOC_Os08g10020,LOC_Os11g47970,LOC_Os06g12590,LOC_Os02g50970,LOC_Os03g02980,LOC_Os03g16130,LOC_Os02g06570,LOC_Os05g39870,LOC_Os05g26820,LOC_Os12g02200
M_36,regulation of gene expression,LOC_Os05g34940,LOC_Os07g09740,LOC_Os05g45954,LOC_Os12g40630,LOC_Os05g38600,LOC_Os02g13670,LOC_Os06g51140,LOC_Os05g30310,LOC_Os07g09860,LOC_Os01g63380,LOC_Os12g12970,LOC_Os11g11600,LOC_Os05g04640,LOC_Os06g06970,LOC_Os05g32890,LOC_Os11g45850,LOC_Os02g28180,LOC_Os11g31370,LOC_Os02g25820
M_37,chromatin assembly or disassembly,LOC_Os02g45940,LOC_Os05g38740,LOC_Os05g39050,LOC_Os09g26340,LOC_Os10g39410,LOC_Os05g48030,LOC_Os11g05730,LOC_Os05g36280,LOC_Os06g06460,LOC_Os06g06510,LOC_Os01g49150,LOC_Os08g01680,LOC_Os03g10990,LOC_Os03g51550,LOC_Os07g22220,LOC_Os02g15220,LOC_Os01g11580,LOC_Os01g67100,LOC_Os09g39420
M_38,regulation of protein metabolic process,LOC_Os12g31810,LOC_Os12g20324,LOC_Os03g41100,LOC_Os12g39210,LOC_Os02g16040,LOC_Os01g13260,LOC_Os05g14730,LOC_Os04g57220,LOC_Os06g30970,LOC_Os01g60410,LOC_Os02g02830,LOC_Os09g12230,LOC_Os09g06680,LOC_Os06g05660,LOC_Os05g46230,LOC_Os06g40920,LOC_Os01g51450,LOC_Os02g01170
M_39,protein filding,LOC_Os04g46620,LOC_Os02g14929,LOC_Os06g34690,LOC_Os01g41630,LOC_Os06g04820,LOC_Os06g36770,LOC_Os07g34740,LOC_Os08g10608,LOC_Os04g04020,LOC_Os07g08330,LOC_Os03g58204,LOC_Os09g07510,LOC_Os05g05470,LOC_Os06g36700,LOC_Os01g25610,LOC_Os02g01560,LOC_Os05g30530,LOC_Os04g42380
M_40,nucleic acid binding,LOC_Os04g59494,LOC_Os10g33230,LOC_Os04g42600,LOC_Os06g38980,LOC_Os09g02700,LOC_Os09g24990,LOC_Os08g22354,LOC_Os08g34170,LOC_Os10g27230,LOC_Os02g12850,LOC_Os06g37000,LOC_Os08g23120,LOC_Os02g55300,LOC_Os10g40780,LOC_Os03g01240,LOC_Os03g07080,LOC_Os03g60600,LOC_Os10g39820
M_41,regulation of primary metabolic process,LOC_Os03g56110,LOC_Os07g04170,LOC_Os01g51690,LOC_Os12g40080,LOC_Os02g49410,LOC_Os03g37920,LOC_Os09g27190,LOC_Os07g39970,LOC_Os02g25470,LOC_Os05g23780,LOC_Os03g39050,LOC_Os08g37400,LOC_Os08g06659,LOC_Os09g01780,LOC_Os03g31240,LOC_Os02g26430,LOC_Os04g28160,LOC_Os10g11580
M_42,vesicle-mediated transport,LOC_Os04g52270,LOC_Os09g04110,LOC_Os04g55200,LOC_Os03g50340,LOC_Os03g50350,LOC_Os06g05180,LOC_Os12g07060,LOC_Os02g11830,LOC_Os06g02620,LOC_Os02g11840,LOC_Os01g17430,LOC_Os11g07280,LOC_Os07g10150,LOC_Os03g12590,LOC_Os05g38610,LOC_Os02g21250,LOC_Os02g22090,LOC_Os03g46330
M_43,recognition of pollen,LOC_Os01g04460,LOC_Os01g04570,LOC_Os01g04520,LOC_Os03g12150,LOC_Os01g66630,LOC_Os07g36544,LOC_Os01g57560,LOC_Os05g42210,LOC_Os04g54140,LOC_Os09g37780,LOC_Os09g37880,LOC_Os09g37834,LOC_Os04g54130,LOC_Os07g36570,LOC_Os07g36590,LOC_Os09g37890,LOC_Os09g37790,LOC_Os01g04409
M_44,transport,LOC_Os01g18670,LOC_Os01g34970,LOC_Os01g50080,LOC_Os01g50100,LOC_Os01g50160,LOC_Os01g52550,LOC_Os02g09720,LOC_Os02g21750,LOC_Os02g46680,LOC_Os03g08380,LOC_Os03g17180,LOC_Os04g38570,LOC_Os04g40570,LOC_Os05g47490,LOC_Os05g47500,LOC_Os08g05690,LOC_Os08g05710,LOC_Os08g45030 
M_45,post-translational protein modification,LOC_Os05g34070,LOC_Os01g32660,LOC_Os07g29330,LOC_Os01g60860,LOC_Os06g05520,LOC_Os09g37230,LOC_Os12g06670,LOC_Os02g02780,LOC_Os06g50920,LOC_Os01g54350,LOC_Os04g52140,LOC_Os05g44290,LOC_Os02g32610,LOC_Os02g14530,LOC_Os01g48330,LOC_Os09g39320,LOC_Os10g29540
M_46,steroid metabolic process,LOC_Os09g39650,LOC_Os10g36350,LOC_Os05g30950,LOC_Os10g40100,LOC_Os08g06020,LOC_Os02g42940,LOC_Os04g45190,LOC_Os10g40590,LOC_Os08g05870,LOC_Os02g34884,LOC_Os10g40140,LOC_Os02g43594,LOC_Os03g18080,LOC_Os11g20384,LOC_Os01g71050,LOC_Os02g44300,LOC_Os04g46780
M_47,regulation of cellular metabolic process,LOC_Os12g06200,LOC_Os08g38780,LOC_Os02g14910,LOC_Os12g07480,LOC_Os06g13670,LOC_Os12g29980,LOC_Os12g41230,LOC_Os03g15440,LOC_Os02g15340,LOC_Os01g17000,LOC_Os12g18150,LOC_Os07g02060,LOC_Os03g57190,LOC_Os04g59380,LOC_Os04g43910,LOC_Os02g49480,LOC_Os01g08710
M_48,biological_process,LOC_Os01g02120,LOC_Os06g30370,LOC_Os04g33570,LOC_Os12g05590,LOC_Os06g06320,LOC_Os11g05470,LOC_Os11g18870,LOC_Os01g11940,LOC_Os06g06300,LOC_Os02g39064,LOC_Os04g41130,LOC_Os12g13030,LOC_Os02g13830,LOC_Os01g10590,LOC_Os06g35940,LOC_Os05g44180,LOC_Os01g54490 
M_49,small GTPase mediated signal transduction,LOC_Os12g44090,LOC_Os02g57190,LOC_Os06g29350,LOC_Os06g35814,LOC_Os05g44070,LOC_Os09g15790,LOC_Os05g48980,LOC_Os07g09680,LOC_Os07g13530,LOC_Os03g60530,LOC_Os05g38630,LOC_Os01g54590,LOC_Os01g47730,LOC_Os03g48140,LOC_Os03g53660,LOC_Os10g19860
M_50,cell cycle phase,LOC_Os02g42230,LOC_Os02g53680,LOC_Os11g40150,LOC_Os12g04980,LOC_Os11g04954,LOC_Os04g43300,LOC_Os05g43610,LOC_Os12g31370,LOC_Os03g03130,LOC_Os10g39120,LOC_Os04g49130,LOC_Os05g03430,LOC_Os03g50980,LOC_Os02g58220,LOC_Os06g47830,LOC_Os05g02040
M_51,DNA metabolic process,LOC_Os02g56130,LOC_Os06g04290,LOC_Os02g03030,LOC_Os01g73460,LOC_Os03g03650,LOC_Os11g08330,LOC_Os03g57870,LOC_Os11g36390,LOC_Os12g07720,LOC_Os03g13850,LOC_Os02g53500,LOC_Os04g48060,LOC_Os03g56800,LOC_Os05g11980,LOC_Os04g57730,LOC_Os09g36530
M_52,translation,LOC_Os02g08490,LOC_Os03g31300,LOC_Os12g34062,LOC_Os03g55930,LOC_Os01g62210,LOC_Os05g38580,LOC_Os03g49710,LOC_Os04g16772,LOC_Os04g16818,LOC_Os07g25024,LOC_Os10g21352,LOC_Os09g24412,LOC_Os08g15266,LOC_Os09g32274,LOC_Os08g40610,LOC_Os01g14830 
M_53,modification-dependent macromolecule catabolic process,LOC_Os01g01700,LOC_Os01g43540,LOC_Os01g27150,LOC_Os05g05700,LOC_Os11g26910,LOC_Os11g16390,LOC_Os08g36774,LOC_Os09g36830,LOC_Os08g28820,LOC_Os09g10200,LOC_Os09g10260,LOC_Os09g10270,LOC_Os08g28800,LOC_Os07g05180,LOC_Os07g05160
M_54,vesicle-mediated transport,LOC_Os07g14540,LOC_Os02g47440,LOC_Os06g11930,LOC_Os08g18110,LOC_Os05g44310,LOC_Os01g15110,LOC_Os02g02720,LOC_Os08g17600,LOC_Os08g34140,LOC_Os09g24980,LOC_Os07g09600,LOC_Os12g44250,LOC_Os08g44430,LOC_Os03g58840,LOC_Os03g06960 
M_55,positive regulation of cellular metabolic process,LOC_Os05g32360,LOC_Os01g54340,LOC_Os01g72790,LOC_Os12g30020,LOC_Os02g24190,LOC_Os08g35220,LOC_Os08g02050,LOC_Os04g56800,LOC_Os02g53230,LOC_Os07g43060,LOC_Os06g10620,LOC_Os03g57130,LOC_Os07g37790,LOC_Os04g52340
M_56,regulation of cellular biosynthetic process,LOC_Os03g58250,LOC_Os01g61080,LOC_Os06g44010,LOC_Os02g43790,LOC_Os01g62460,LOC_Os01g14440,LOC_Os05g27730,LOC_Os01g60020,LOC_Os08g44820,LOC_Os02g08540,LOC_Os01g15640,LOC_Os04g46220,LOC_Os01g54550,LOC_Os12g38490
M_57,small GTPase mediated signal transduction,LOC_Os03g05020,LOC_Os08g43130,LOC_Os02g58730,LOC_Os06g21340,LOC_Os02g50860,LOC_Os06g12790,LOC_Os02g20850,LOC_Os05g43820,LOC_Os02g02840,LOC_Os01g12900,LOC_Os05g29050,LOC_Os01g20860,LOC_Os02g48730,LOC_Os01g68540
M_58,protein phosphorylation,LOC_Os11g01380,LOC_Os12g01390,LOC_Os07g35660,LOC_Os07g35690,LOC_Os05g34950,LOC_Os01g66020,LOC_Os08g42580,LOC_Os12g41490,LOC_Os11g39370,LOC_Os09g17970,LOC_Os02g57080,LOC_Os04g43020,LOC_Os04g35890,LOC_Os02g18320
M_59,hexose catabolic process,LOC_Os09g20820,LOC_Os03g06740,LOC_Os10g28000,LOC_Os02g56850,LOC_Os10g08550,LOC_Os06g04510,LOC_Os03g14450,LOC_Os03g30300,LOC_Os07g41280,LOC_Os08g43370,LOC_Os09g35970,LOC_Os01g55310,LOC_Os08g14580,LOC_Os01g49690
M_60,protein phosphorylation,LOC_Os03g22050,LOC_Os02g39360,LOC_Os01g54930,LOC_Os05g30870,LOC_Os07g48100,LOC_Os05g43840,LOC_Os07g31130,LOC_Os07g32400,LOC_Os05g48660,LOC_Os06g16370,LOC_Os05g01256,LOC_Os12g29520,LOC_Os01g01290
M_61,transport,LOC_Os12g35360,LOC_Os06g02570,LOC_Os01g64650,LOC_Os01g73300,LOC_Os01g08400,LOC_Os02g03450,LOC_Os06g09850,LOC_Os03g57760,LOC_Os01g13350,LOC_Os08g21570,LOC_Os01g37800,LOC_Os02g43690,LOC_Os01g08450
M_62,transcription DNA-dependent,LOC_Os07g07610,LOC_Os09g02284,LOC_Os11g08940,LOC_Os01g59140,LOC_Os04g41040,LOC_Os05g33240,LOC_Os06g48230,LOC_Os03g62870,LOC_Os01g34614,LOC_Os07g01450,LOC_Os12g37370,LOC_Os07g42395,LOC_Os03g01230
M_63,translational initiation,LOC_Os02g54700,LOC_Os02g54690,LOC_Os03g18510,LOC_Os07g49220,LOC_Os12g31380,LOC_Os06g48355,LOC_Os06g48350,LOC_Os09g15770,LOC_Os09g15775,LOC_Os07g48300,LOC_Os03g21550,LOC_Os12g41400,LOC_Os12g07740
M_64,secretion,LOC_Os08g22864,LOC_Os02g51430,LOC_Os11g05880,LOC_Os04g34450,LOC_Os04g58880,LOC_Os04g58870,LOC_Os04g31330,LOC_Os01g69230,LOC_Os02g30230,LOC_Os01g55799,LOC_Os09g26820,LOC_Os08g35470
M_65,translational elongation,LOC_Os02g12800,LOC_Os06g37440,LOC_Os03g08020,LOC_Os03g08050,LOC_Os03g08010,LOC_Os02g52940,LOC_Os02g12794,LOC_Os02g46130,LOC_Os02g04700,LOC_Os02g30800,LOC_Os05g06840,LOC_Os08g36330
M_66,regulation of cellular biosynthetic process,LOC_Os05g49780,LOC_Os07g30970,LOC_Os05g03884,LOC_Os03g51970,LOC_Os03g58830,LOC_Os05g50270,LOC_Os09g28200,LOC_Os06g50900,LOC_Os02g06370,LOC_Os01g59760,LOC_Os07g48180,LOC_Os03g02800
M_67,DNA replication,LOC_Os03g55200,LOC_Os07g43540,LOC_Os03g08640,LOC_Os11g29380,LOC_Os12g37400,LOC_Os06g08790,LOC_Os10g26280,LOC_Os05g39850,LOC_Os12g03130,LOC_Os11g03430,LOC_Os09g36820,LOC_Os01g49010
M_68,RNA processing,LOC_Os09g07820,LOC_Os12g21500,LOC_Os04g43922,LOC_Os08g02360,LOC_Os03g62720,LOC_Os02g57070,LOC_Os03g63720,LOC_Os01g47256,LOC_Os03g03710,LOC_Os10g30100,LOC_Os03g06190,LOC_Os02g34570 
M_69,actin cytoskeleton organization,LOC_Os01g11040,LOC_Os02g38340,LOC_Os02g14000,LOC_Os03g60240,LOC_Os03g61670,LOC_Os04g43290,LOC_Os01g46580,LOC_Os07g14270,LOC_Os02g57220,LOC_Os08g28190,LOC_Os08g03440
M_70,DNA-dependent transcription initiation ,LOC_Os10g10990,LOC_Os11g31890,LOC_Os10g25770,LOC_Os11g04230,LOC_Os12g04595,LOC_Os08g25460,LOC_Os09g36440,LOC_Os05g47480,LOC_Os03g14720,LOC_Os05g32430,LOC_Os02g55270
M_71,small GTPase mediated signal transduction,LOC_Os05g48620,LOC_Os07g31370,LOC_Os03g09140,LOC_Os10g10500,LOC_Os03g14690,LOC_Os01g61780,LOC_Os05g38950,LOC_Os03g17540,LOC_Os01g61860,LOC_Os01g12730,LOC_Os05g44050
M_72,regulation of transcription DNA-dependent,LOC_Os01g61810,LOC_Os03g08930,LOC_Os10g23090,LOC_Os02g42850,LOC_Os03g20550,LOC_Os03g51580,LOC_Os08g06370,LOC_Os03g05500,LOC_Os06g33940,LOC_Os09g36160,LOC_Os09g29360
M_73,oxidation reduction (redox),LOC_Os04g52280,LOC_Os10g29470,LOC_Os08g16910,LOC_Os09g23540,LOC_Os09g23550,LOC_Os09g23560,LOC_Os09g23530,LOC_Os10g11810,LOC_Os04g15920,LOC_Os03g12270,LOC_Os02g09490
M_74,protein localization,LOC_Os09g09480,LOC_Os12g02830,LOC_Os11g03060,LOC_Os06g40620,LOC_Os01g31470,LOC_Os01g23640,LOC_Os11g47710,LOC_Os07g13270,LOC_Os10g35250,LOC_Os01g01350,LOC_Os05g01250
M_75,translational initiation,LOC_Os05g41900,LOC_Os01g58220,LOC_Os07g34589,LOC_Os08g21660,LOC_Os05g16660,LOC_Os03g52840,LOC_Os09g07830,LOC_Os06g35540,LOC_Os02g14110,LOC_Os03g44150,LOC_Os01g02020
M_76,transport,LOC_Os01g02190,LOC_Os01g10600,LOC_Os02g13870,LOC_Os02g51110,LOC_Os05g11560,LOC_Os06g12310,LOC_Os06g35930,LOC_Os08g05590,LOC_Os08g05600,LOC_Os10g36924,LOC_Os12g10280
M_77,ribosome assembly,LOC_Os07g44620,LOC_Os12g07010,LOC_Os11g06750,LOC_Os01g17330,LOC_Os04g30430,LOC_Os02g29480,LOC_Os07g41180,LOC_Os03g30550,LOC_Os02g03890,LOC_Os03g22340,LOC_Os07g47710
M_78,vesicle coating,LOC_Os05g47550,LOC_Os06g51250,LOC_Os01g50010,LOC_Os03g03830,LOC_Os02g07900,LOC_Os06g48630,LOC_Os06g45050,LOC_Os06g07830,LOC_Os02g55970,LOC_Os03g16800,LOC_Os05g35160
M_79,transcription DNA-dependent,LOC_Os03g42410,LOC_Os12g07610,LOC_Os09g19950,LOC_Os12g40960,LOC_Os10g32070,LOC_Os01g07930,LOC_Os08g38370,LOC_Os12g21850,LOC_Os07g03220,LOC_Os02g01860,LOC_Os07g40950
M_80,protein phosphorylation,LOC_Os03g20370,LOC_Os07g48780,LOC_Os01g16240,LOC_Os09g29170,LOC_Os03g43760,LOC_Os07g03820,LOC_Os07g04010,LOC_Os07g38820,LOC_Os03g47949,LOC_Os01g17190
M_81,regulation of biosynthetic process,LOC_Os10g40740,LOC_Os02g08150,LOC_Os06g44450,LOC_Os03g44710,LOC_Os06g39906,LOC_Os10g33960,LOC_Os04g47860,LOC_Os01g11550,LOC_Os08g06280,LOC_Os04g47080
M_82,regulation of cell cycle,LOC_Os03g13370,LOC_Os02g43920,LOC_Os04g40830,LOC_Os03g19059,LOC_Os05g50360,LOC_Os04g51110,LOC_Os06g41750,LOC_Os07g22840,LOC_Os02g54490,LOC_Os05g05720
M_83,No enrichment function,LOC_Os01g62290,LOC_Os05g38530,LOC_Os03g60620,LOC_Os11g47760,LOC_Os03g16920,LOC_Os03g16860,LOC_Os01g64660,LOC_Os05g36270,LOC_Os02g03600,LOC_Os02g37880
M_84,translation,LOC_Os03g63430,LOC_Os05g30800,LOC_Os01g16190,LOC_Os03g38260,LOC_Os03g21940,LOC_Os03g18580,LOC_Os03g18570,LOC_Os05g27940,LOC_Os02g02560,LOC_Os09g38030
M_85,biosynthetic process,LOC_Os01g70380,LOC_Os01g70370,LOC_Os11g31640,LOC_Os01g70360,LOC_Os07g26940,LOC_Os10g11200,LOC_Os04g47970,LOC_Os02g45180,LOC_Os02g56300,LOC_Os03g14800
M_86,phosphatidylinositol metabolic process,LOC_Os03g12300,LOC_Os08g01750,LOC_Os08g34950,LOC_Os03g28140,LOC_Os08g33200,LOC_Os09g23740,LOC_Os06g14750,LOC_Os08g01390,LOC_Os04g59540,LOC_Os12g13440 
M_87,protein phosphorylation,LOC_Os07g42940,LOC_Os03g14590,LOC_Os02g34600,LOC_Os10g09850,LOC_Os04g35240,LOC_Os01g64970,LOC_Os03g27280,LOC_Os04g59450,LOC_Os09g39640
M_88,IMP biosynthetic process,LOC_Os02g37000,LOC_Os03g62490,LOC_Os05g38400,LOC_Os01g62500,LOC_Os04g38900,LOC_Os07g15880,LOC_Os05g23720,LOC_Os02g48720,LOC_Os01g66500
M_89,No enrichment function,LOC_Os03g57290,LOC_Os01g01484,LOC_Os02g53140,LOC_Os01g04870,LOC_Os05g51480,LOC_Os01g13730,LOC_Os03g17780,LOC_Os02g20430,LOC_Os02g07120
M_90,No enrichment function,LOC_Os04g58630,LOC_Os05g19270,LOC_Os09g24220,LOC_Os01g72880,LOC_Os02g37920,LOC_Os09g29630,LOC_Os08g37780,LOC_Os06g50910,LOC_Os01g56940
M_91,No enrichment function,LOC_Os01g72150,LOC_Os02g30310,LOC_Os01g72140,LOC_Os01g72160,LOC_Os01g72120,LOC_Os01g72170,LOC_Os01g72130,LOC_Os03g39850,LOC_Os09g29200
M_92,developmental process,LOC_Os04g53760,LOC_Os04g54940,LOC_Os10g35580,LOC_Os05g14860,LOC_Os07g46560,LOC_Os01g13370,LOC_Os02g19140,LOC_Os03g24040,LOC_Os02g03620
M_93,tricarboxylic acid cycle intermediate metabolic process,LOC_Os01g46070,LOC_Os02g10070,LOC_Os11g33240,LOC_Os01g61380,LOC_Os08g33720,LOC_Os05g49880,LOC_Os07g43700,LOC_Os03g56280,LOC_Os12g43630
M_94,regulation of transcription,LOC_Os01g23750,LOC_Os11g43740,LOC_Os01g67890,LOC_Os10g07510,LOC_Os02g25830,LOC_Os03g41600,LOC_Os08g31080,LOC_Os11g08410,LOC_Os03g12760 
M_95,phosphorus metabolic process,LOC_Os10g41520,LOC_Os04g43760,LOC_Os07g02350,LOC_Os07g31280,LOC_Os03g55389,LOC_Os03g10940,LOC_Os03g55490,LOC_Os02g47150
M_96,No enrichment function,LOC_Os04g56070,LOC_Os03g10120,LOC_Os07g30840,LOC_Os04g34930,LOC_Os01g17180,LOC_Os03g02540,LOC_Os08g39070,LOC_Os08g02550
M_97,No enrichment function,LOC_Os01g01960,LOC_Os05g01020,LOC_Os05g38230,LOC_Os01g62860,LOC_Os01g62870,LOC_Os01g62880,LOC_Os11g08080,LOC_Os12g07730
M_98,chromatin organization,LOC_Os03g04980,LOC_Os02g02960,LOC_Os06g38470,LOC_Os02g12380,LOC_Os02g12350,LOC_Os04g01130,LOC_Os07g43360,LOC_Os11g34300
M_99,No enrichment function,LOC_Os10g30420,LOC_Os03g43890,LOC_Os08g42600,LOC_Os08g04270,LOC_Os08g04290,LOC_Os11g32900,LOC_Os04g33950,LOC_Os04g45990
M_100,positive regulation of transcription,LOC_Os06g11370,LOC_Os08g37480,LOC_Os10g42950,LOC_Os09g35920,LOC_Os09g10960,LOC_Os04g56640,LOC_Os09g32680,LOC_Os01g04110
M_101,protein complex biogenesis,LOC_Os04g51120,LOC_Os06g07090,LOC_Os02g56110,LOC_Os01g50770,LOC_Os03g23950,LOC_Os03g57040,LOC_Os03g59660,LOC_Os05g46550
M_102,DNA replication initiation,LOC_Os05g14590,LOC_Os01g07260,LOC_Os02g55410,LOC_Os04g25550,LOC_Os03g11040,LOC_Os01g36390,LOC_Os08g31240,LOC_Os12g26030
M_103,anion transport,LOC_Os05g45590,LOC_Os05g45950,LOC_Os01g51770,LOC_Os01g40570,LOC_Os03g04460,LOC_Os03g10510,LOC_Os05g34770,LOC_Os01g66180
M_104,protein transport,LOC_Os01g04814,LOC_Os06g20390,LOC_Os07g29630,LOC_Os03g01810,LOC_Os01g49350,LOC_Os09g37510,LOC_Os02g06490,LOC_Os01g04840
M_105,protein polymerization,LOC_Os03g01530,LOC_Os06g46000,LOC_Os05g34170,LOC_Os03g56810,LOC_Os02g07060,LOC_Os01g59150,LOC_Os01g18050,LOC_Os03g45920
M_106,translational initiation,LOC_Os07g02210,LOC_Os09g25370,LOC_Os07g40580,LOC_Os03g55150,LOC_Os03g52970,LOC_Os12g32240,LOC_Os12g43100,LOC_Os12g06620
M_107,coenzyme metabolic process,LOC_Os04g32020,LOC_Os04g32330,LOC_Os07g49520,LOC_Os02g31040,LOC_Os05g06750,LOC_Os01g56310,LOC_Os05g43576,LOC_Os01g22520
M_108,generation of precursor metabolites and energy,LOC_Os01g16900,LOC_Os01g68940,LOC_Os01g68950,LOC_Os06g45710,LOC_Os05g41640,LOC_Os02g07260,LOC_Os01g58610,LOC_Os06g03940
M_109,mRNA metabolic process,LOC_Os01g15310,LOC_Os08g08040,LOC_Os05g32310,LOC_Os05g51650,LOC_Os02g30624,LOC_Os04g31950,LOC_Os01g64690,LOC_Os04g36810
M_110,one-carbon metabolic process,LOC_Os01g22010,LOC_Os05g04510,LOC_Os01g18860,LOC_Os08g25090,LOC_Os05g26926,LOC_Os05g26902,LOC_Os12g03720,LOC_Os11g03900
M_111,metabolic process,LOC_Os11g25700,LOC_Os11g43360,LOC_Os11g43200,LOC_Os11g25160,LOC_Os03g16220,LOC_Os03g16230,LOC_Os04g20070,LOC_Os03g16210
M_112,translation,LOC_Os02g24576,LOC_Os04g16712,LOC_Os04g16798,LOC_Os04g16856,LOC_Os04g16886,LOC_Os07g25002,LOC_Os08g15246,LOC_Os10g21372
M_113,regulation of nitrogen compound metabolic process,LOC_Os02g50630,LOC_Os12g13570,LOC_Os01g12860,LOC_Os06g03710,LOC_Os06g09420,LOC_Os10g25220,LOC_Os05g40280,LOC_Os03g51910
M_114,No enrichment function,LOC_Os02g33610,LOC_Os07g43030,LOC_Os10g41770,LOC_Os02g02424,LOC_Os03g62379,LOC_Os07g31420,LOC_Os03g56630,LOC_Os05g03020
M_115,regulation of nitrogen compound metabolic process,LOC_Os01g18584,LOC_Os03g03100,LOC_Os08g20486,LOC_Os09g31454,LOC_Os02g12820,LOC_Os01g18850,LOC_Os08g33150,LOC_Os03g01870
M_116,regulation of ARF protein signal transduction,LOC_Os07g47510,LOC_Os03g17020,LOC_Os08g40790,LOC_Os06g02240,LOC_Os01g31680,LOC_Os02g15169,LOC_Os02g15178
M_117,cellular protein metabolic process,LOC_Os07g48290,LOC_Os11g01872,LOC_Os03g21620,LOC_Os12g01922,LOC_Os01g65230,LOC_Os03g27260,LOC_Os07g42950
M_118,translational elongation,LOC_Os05g37330,LOC_Os08g02340,LOC_Os02g32760,LOC_Os01g09510,LOC_Os12g03880,LOC_Os08g03640,LOC_Os05g41100
M_119,ER to Golgi vesicle-mediated transport,LOC_Os02g40000,LOC_Os07g44790,LOC_Os03g28400,LOC_Os04g42500,LOC_Os01g51220,LOC_Os07g19060,LOC_Os09g06970
M_120,protein phosphorylation,LOC_Os03g38020,LOC_Os05g43570,LOC_Os12g19290,LOC_Os10g33640,LOC_Os01g09200,LOC_Os10g25674,LOC_Os03g29570
M_121,pyruvate metabolic process,LOC_Os06g13720,LOC_Os08g42410,LOC_Os09g33500,LOC_Os02g50620,LOC_Os06g01630,LOC_Os02g01500,LOC_Os07g22720
M_122,M phase of mitotic cell cycle,LOC_Os03g23935,LOC_Os07g10256,LOC_Os10g34520,LOC_Os10g35550,LOC_Os07g04850,LOC_Os02g30730,LOC_Os01g15860
M_123,transcription DNA-dependent,LOC_Os05g07120,LOC_Os05g37060,LOC_Os11g06770,LOC_Os05g37050,LOC_Os05g50610,LOC_Os02g32140,LOC_Os04g32620
M_124,regulation of transcription DNA-dependent,LOC_Os01g39150,LOC_Os08g43070,LOC_Os12g31430,LOC_Os04g04300,LOC_Os10g27390,LOC_Os02g06860,LOC_Os03g10770
M_125,regulation of macromolecule biosynthetic process,LOC_Os04g28000,LOC_Os01g59780,LOC_Os06g06740,LOC_Os07g27800,LOC_Os04g59470,LOC_Os11g31360,LOC_Os05g41166
M_126,No enrichment function,LOC_Os12g06380,LOC_Os12g13170,LOC_Os02g03690,LOC_Os03g02160,LOC_Os04g52560,LOC_Os12g12380,LOC_Os01g09760 
M_127,phosphate-containing compound metabolic process,LOC_Os02g06930,LOC_Os04g52606,LOC_Os04g56360,LOC_Os11g28104,LOC_Os11g34624,LOC_Os04g54190
M_128,glucose catabolic process,LOC_Os04g20680,LOC_Os01g67860,LOC_Os06g40640,LOC_Os10g08022,LOC_Os08g02700,LOC_Os05g33380
M_129,amine metabolic process,LOC_Os06g29120,LOC_Os12g25710,LOC_Os05g35440,LOC_Os05g46350,LOC_Os03g58150,LOC_Os03g57220
M_130,regulation of transcription,LOC_Os11g01130,LOC_Os12g01120,LOC_Os04g56780,LOC_Os01g59640,LOC_Os03g17130,LOC_Os09g24480
M_131,RNA polyadenylation,LOC_Os06g21470,LOC_Os06g36360,LOC_Os09g39590,LOC_Os01g72220,LOC_Os03g63590,LOC_Os02g13400
M_132,No enrichment function,LOC_Os01g62040,LOC_Os06g08770,LOC_Os07g08170,LOC_Os05g46330,LOC_Os03g22740,LOC_Os03g22730
M_133,ribonucleoside triphosphate biosynthetic process,LOC_Os05g47980,LOC_Os01g49190,LOC_Os02g20860,LOC_Os06g43850,LOC_Os09g08910,LOC_Os07g31300
M_134,pyrimidine nucleotide biosynthetic process,LOC_Os05g49770,LOC_Os12g36950,LOC_Os01g46570,LOC_Os05g49520,LOC_Os05g49460,LOC_Os01g43020
M_135,ER to Golgi vesicle-mediated transport,LOC_Os02g04320,LOC_Os07g46370,LOC_Os07g14280,LOC_Os03g61630,LOC_Os11g24560,LOC_Os08g36994
M_136,proteolysis,LOC_Os01g51390,LOC_Os01g57460,LOC_Os01g73550,LOC_Os01g53700,LOC_Os05g44916,LOC_Os01g09560
M_137,protein transport,LOC_Os02g35630,LOC_Os02g42290,LOC_Os02g19150,LOC_Os01g66330,LOC_Os04g44400,LOC_Os05g45750
M_138,biological_process,LOC_Os10g21344,LOC_Os05g32220,LOC_Os09g19954,LOC_Os05g22724,LOC_Os04g16826,LOC_Os01g57958
M_139,spermine biosynthetic process,LOC_Os02g39795,LOC_Os04g42095,LOC_Os04g42090,LOC_Os09g25620,LOC_Os09g25625,LOC_Os02g39790
M_140,regulation of GTPase activity,LOC_Os03g16900,LOC_Os05g34540,LOC_Os05g23860,LOC_Os07g16970,LOC_Os03g46390,LOC_Os12g43550
M_141,protein transport,LOC_Os03g30200,LOC_Os07g22700,LOC_Os02g45100,LOC_Os07g41330,LOC_Os03g02390,LOC_Os10g37530
M_142,regulation of gene expression,LOC_Os01g09930,LOC_Os09g09630,LOC_Os08g41960,LOC_Os02g42870,LOC_Os10g42850,LOC_Os02g49560
M_143,regulation of nucleobase-containing compound metabolic process,LOC_Os10g41330,LOC_Os06g10820,LOC_Os01g50940,LOC_Os02g49986,LOC_Os08g36740,LOC_Os07g48630
M_144,regulation of biosynthetic process,LOC_Os02g57550,LOC_Os08g34960,LOC_Os05g43960,LOC_Os07g23450,LOC_Os07g10410,LOC_Os03g59730 
M_145,macromolecule modification,LOC_Os02g43290,LOC_Os05g04520,LOC_Os01g66890,LOC_Os06g45300,LOC_Os03g61010
M_146,No enrichment function,LOC_Os01g54100,LOC_Os02g11000,LOC_Os02g21090,LOC_Os03g15730,LOC_Os02g57250
M_147,No enrichment function,LOC_Os06g50100,LOC_Os08g15080,LOC_Os03g25970,LOC_Os06g05800,LOC_Os06g47300
M_148,DNA repair,LOC_Os05g32600,LOC_Os06g22820,LOC_Os03g52750,LOC_Os04g42990,LOC_Os02g03340
M_149,signaling,LOC_Os11g02240,LOC_Os12g06510,LOC_Os01g60910,LOC_Os03g59360,LOC_Os12g40510
M_150,No enrichment function,LOC_Os02g45760,LOC_Os05g47780,LOC_Os03g11510,LOC_Os12g40570,LOC_Os09g38570
M_151,regulation of cellular metabolic process,LOC_Os12g37570,LOC_Os10g40260,LOC_Os01g49830,LOC_Os05g47650,LOC_Os06g43090
M_152,translational initiation,LOC_Os07g12110,LOC_Os07g07250,LOC_Os07g03230,LOC_Os04g30780,LOC_Os10g41960
M_153,No enrichment function,LOC_Os02g56210,LOC_Os11g05650,LOC_Os12g06020,LOC_Os06g19660,LOC_Os02g49090
M_154,regulation of protein metabolic process,LOC_Os01g48280,LOC_Os03g50440,LOC_Os09g12570,LOC_Os12g41220,LOC_Os04g58800
M_155,metal ion transport,LOC_Os02g10290,LOC_Os08g10480,LOC_Os02g07630,LOC_Os04g46940,LOC_Os01g61070
M_156,No enrichment function,LOC_Os04g40870,LOC_Os10g30580,LOC_Os03g05730,LOC_Os04g48520,LOC_Os03g31400
M_157,No enrichment function,LOC_Os02g34950,LOC_Os03g19870,LOC_Os03g50620,LOC_Os03g21914,LOC_Os03g28960
M_158,No enrichment function,LOC_Os02g57640,LOC_Os12g40560,LOC_Os03g42900,LOC_Os10g41440,LOC_Os02g03310
M_159,translation,LOC_Os01g62350,LOC_Os05g38520,LOC_Os01g54870,LOC_Os01g47660,LOC_Os05g49030
M_160,No enrichment function,LOC_Os06g03682,LOC_Os04g51270,LOC_Os05g40230,LOC_Os01g46980,LOC_Os07g36470
M_161,No enrichment function,LOC_Os04g58560,LOC_Os03g27350,LOC_Os01g42850,LOC_Os10g41110,LOC_Os01g10290
M_162,ubiquitin-dependent protein  process,LOC_Os01g27990,LOC_Os04g48770,LOC_Os02g08480,LOC_Os09g32020,LOC_Os01g05120
M_163,No enrichment function,LOC_Os02g52250,LOC_Os08g44520,LOC_Os06g11420,LOC_Os05g22260,LOC_Os08g08080
M_164,metabolic process,LOC_Os10g25320,LOC_Os12g42260,LOC_Os03g44310,LOC_Os02g56740,LOC_Os06g23160
M_165,No enrichment function,LOC_Os03g16110,LOC_Os02g57450,LOC_Os06g06880,LOC_Os05g18774,LOC_Os04g22860
M_166,nucleoside metabolic process,LOC_Os02g17320,LOC_Os05g38170,LOC_Os08g41790,LOC_Os09g32820,LOC_Os11g16370
M_167,superoxide metabolic process,LOC_Os03g11960,LOC_Os08g44770,LOC_Os04g48410,LOC_Os07g46990,LOC_Os03g22810
M_168,cell redox homeostasis,LOC_Os08g05830,LOC_Os11g09280,LOC_Os02g34940,LOC_Os03g52340,LOC_Os04g35600
M_169,protein folding,LOC_Os02g53420,LOC_Os03g02260,LOC_Os09g31486,LOC_Os06g50300,LOC_Os11g16580
M_170,glutamate metabolic process,LOC_Os03g13300,LOC_Os03g51080,LOC_Os04g37460,LOC_Os04g37500,LOC_Os08g36320
M_171,protein complex disassembly,LOC_Os04g20220,LOC_Os03g49580,LOC_Os01g71270,LOC_Os07g39870,LOC_Os05g31020
M_172,branched-chain amino acid metabolic process,LOC_Os05g48450,LOC_Os10g40200,LOC_Os03g01600,LOC_Os04g47190,LOC_Os03g12890
M_173,No enrichment function,LOC_Os07g01880,LOC_Os07g29360,LOC_Os03g54930,LOC_Os12g35030,LOC_Os12g38970
M_174,adenine salvage,LOC_Os12g39860,LOC_Os12g40130,LOC_Os07g30150,LOC_Os04g42520,LOC_Os02g40010
M_175,translation,LOC_Os11g38959,LOC_Os07g07709,LOC_Os03g58050,LOC_Os07g07719,LOC_Os03g05980
M_176,No enrichment function,LOC_Os03g13614,LOC_Os08g37904,LOC_Os06g46890,LOC_Os08g25820,LOC_Os02g39520
M_177,regulation of transcription DNA-dependent,LOC_Os04g46240,LOC_Os04g46250,LOC_Os02g43150,LOC_Os02g44130,LOC_Os04g47640
M_178,regulation of transcription DNA-dependent,LOC_Os05g02150,LOC_Os02g58670,LOC_Os03g59670,LOC_Os07g48450,LOC_Os06g45410
M_179,regulation of nitrogen compound metabolic process,LOC_Os05g28320,LOC_Os02g38090,LOC_Os07g25370,LOC_Os10g32600,LOC_Os01g39180
M_180,No enrichment function,LOC_Os06g49880,LOC_Os05g07270,LOC_Os08g07700,LOC_Os06g23030,LOC_Os05g49210
M_181,No enrichment function,LOC_Os04g36650,LOC_Os05g06170,LOC_Os08g33530,LOC_Os01g66570,LOC_Os02g34320
M_182,regulation of cellular metabolic process,LOC_Os03g15680,LOC_Os11g06180,LOC_Os05g40070,LOC_Os08g38020,LOC_Os05g40080 
M_183,No enrichment function,LOC_Os01g44230,LOC_Os05g45720,LOC_Os11g26850,LOC_Os11g31430
M_184,No enrichment function,LOC_Os07g28940,LOC_Os01g68380,LOC_Os03g49770,LOC_Os08g15040
M_185,organic substance metabolic process,LOC_Os12g01200,LOC_Os12g19381,LOC_Os12g19470,LOC_Os12g17600
M_186,No enrichment function,LOC_Os01g18800,LOC_Os01g10400,LOC_Os01g67480,LOC_Os03g04140
M_187,No enrichment function,LOC_Os12g32980,LOC_Os01g47530,LOC_Os01g37560,LOC_Os05g32570
M_188,No enrichment function,LOC_Os05g11320,LOC_Os10g41460,LOC_Os02g42620,LOC_Os08g10070
M_189,No enrichment function,LOC_Os04g41310,LOC_Os05g43950,LOC_Os05g38460,LOC_Os03g45300
M_190,No enrichment function,LOC_Os03g12470,LOC_Os08g26870,LOC_Os07g44400,LOC_Os09g25060
M_191,regulation of cellular biosynthetic process,LOC_Os09g25070,LOC_Os11g29870,LOC_Os05g45410,LOC_Os01g40260
M_192,cofactor metabolic process,LOC_Os09g25760,LOC_Os02g35500,LOC_Os02g58560,LOC_Os04g52130
M_193,vacuolar transport,LOC_Os03g58700,LOC_Os02g16550,LOC_Os11g41130,LOC_Os12g31640
M_194,transport,LOC_Os04g32550,LOC_Os04g56160,LOC_Os01g63290,LOC_Os10g40710
M_195,glutamine biosynthetic process,LOC_Os02g50240,LOC_Os03g12290,LOC_Os03g50490,LOC_Os04g56400
M_196,RNA processing,LOC_Os05g04850,LOC_Os08g01660,LOC_Os12g18880,LOC_Os03g59550
M_197,No enrichment function,LOC_Os11g07490,LOC_Os12g38380,LOC_Os03g54770,LOC_Os07g49320
M_198,peptidyl-histidine modification,LOC_Os03g41438,LOC_Os04g57440,LOC_Os03g41419,LOC_Os04g57490
M_199,peptidyl-histidine phosphorylation,LOC_Os01g69920,LOC_Os02g50480,LOC_Os03g50860,LOC_Os10g21810
M_200,rRNA processing,LOC_Os05g08360,LOC_Os09g19560,LOC_Os02g57590,LOC_Os06g49140
M_201,biosynthetic process,LOC_Os01g09700,LOC_Os03g51740,LOC_Os05g10780,LOC_Os04g48850
M_202,methylation,LOC_Os04g08034,LOC_Os06g16390,LOC_Os03g19480,LOC_Os09g13630
M_203,peroxisome organization,LOC_Os02g44220,LOC_Os07g41800,LOC_Os05g19480,LOC_Os10g32960
M_204,No enrichment function,LOC_Os05g01460,LOC_Os03g60110,LOC_Os07g12490,LOC_Os02g49080
M_205,regulation of ARF GTPase activity,LOC_Os02g10020,LOC_Os04g40940,LOC_Os10g42420,LOC_Os03g63710
M_206,signal transduction,LOC_Os11g01140,LOC_Os12g01140,LOC_Os12g29580,LOC_Os04g23890
M_207,potassium ion transport,LOC_Os02g14840,LOC_Os05g35410,LOC_Os01g52070,LOC_Os06g14310
M_208,translation,LOC_Os03g13970,LOC_Os08g13690,LOC_Os04g51630,LOC_Os10g05180
M_209,translation,LOC_Os09g31180,LOC_Os02g01332,LOC_Os03g38000,LOC_Os07g41750
M_210,translation initiation,LOC_Os01g67134,LOC_Os01g73880,LOC_Os10g32970,LOC_Os07g36940
M_211,No enrichment function,LOC_Os01g49000,LOC_Os01g57210,LOC_Os10g35200,LOC_Os04g58130
M_212,response to DNA damage stimulus,LOC_Os02g29464,LOC_Os04g54340,LOC_Os08g08030,LOC_Os10g07270
M_213,mRNA metabolic process,LOC_Os02g08090,LOC_Os02g03440,LOC_Os11g43620,LOC_Os08g05530
M_214,No enrichment function,LOC_Os05g01540,LOC_Os02g39720,LOC_Os06g08840,LOC_Os02g54770
M_215,regulation of biosynthetic process,LOC_Os03g52594,LOC_Os03g44900,LOC_Os02g54120,LOC_Os05g40790
M_216,rRNA processing,LOC_Os08g05880,LOC_Os11g04200,LOC_Os12g04010,LOC_Os04g56670
M_217,translation,LOC_Os01g34200,LOC_Os06g02510,LOC_Os03g37970,LOC_Os06g03780
M_218,DNA replication initiation,LOC_Os07g22400,LOC_Os12g13950,LOC_Os05g29010,LOC_Os01g64820
M_219,galactose metabolic process,LOC_Os05g51670,LOC_Os08g28730,LOC_Os09g15420,LOC_Os09g35800
M_220,No enrichment function,LOC_Os01g46926,LOC_Os11g35870,LOC_Os09g32690,LOC_Os01g69040
M_221,ATP synthesis coupled proton transport,LOC_Os01g42430,LOC_Os11g06890,LOC_Os05g01560,LOC_Os02g34510
M_222,metallo-sulfur cluster assembly,LOC_Os01g47340,LOC_Os05g49300,LOC_Os09g16910,LOC_Os12g27070
M_223,leucine biosynthetic process,LOC_Os02g40830,LOC_Os11g04670,LOC_Os12g04440,LOC_Os07g38970
M_224,cell redox homeostasis,LOC_Os01g34620,LOC_Os02g42400,LOC_Os01g07950,LOC_Os03g11990
M_225,purine nucleoside monophosphate biosynthetic process,LOC_Os02g43860,LOC_Os04g19740,LOC_Os06g04270,LOC_Os08g10570
M_226,No enrichment function,LOC_Os10g28630,LOC_Os12g41390,LOC_Os01g56610,LOC_Os03g12110
M_227,translation,LOC_Os03g52400,LOC_Os05g48050,LOC_Os07g43310,LOC_Os02g10540
M_228,cellular protein catabolic process,LOC_Os03g09080,LOC_Os12g06810,LOC_Os04g37950,LOC_Os02g36400
M_229,translational initiation,LOC_Os05g51500,LOC_Os06g23440,LOC_Os01g40150,LOC_Os02g19770
M_230,oxidation-reduction process,LOC_Os02g32120,LOC_Os05g23620,LOC_Os04g32660,LOC_Os01g70960
M_231,No enrichment function,LOC_Os02g32030,LOC_Os04g02820,LOC_Os01g53900,LOC_Os01g52470
M_232,No enrichment function,LOC_Os01g64360,LOC_Os08g38220,LOC_Os04g45060,LOC_Os05g38620
M_233,regulation of cellular biosynthetic process,LOC_Os01g70870,LOC_Os06g11780,LOC_Os12g39330,LOC_Os08g33670
M_234,regulation of transcription,LOC_Os04g46410,LOC_Os03g04900,LOC_Os05g04210,LOC_Os05g34730
M_235,response to hormone stimulus,LOC_Os09g27450,LOC_Os01g48060,LOC_Os01g10580,LOC_Os12g01180
M_236,regulation of transcription DNA-dependent,LOC_Os08g26880,LOC_Os01g36220,LOC_Os09g13570,LOC_Os09g25040
M_237,regulation of cellular biosynthetic process,LOC_Os03g21660,LOC_Os05g37640,LOC_Os08g34010,LOC_Os01g13300
M_238,regulation of gene expression,LOC_Os03g60080,LOC_Os05g49420,LOC_Os05g46020,LOC_Os10g30719
M_239,regulation of gene expression,LOC_Os03g53340,LOC_Os07g04560,LOC_Os01g40430,LOC_Os08g44960
M_240,No enrichment function,LOC_Os02g13900,LOC_Os09g13530,LOC_Os04g37440,LOC_Os06g06360
M_241,regulation of biosynthetic process,LOC_Os06g17480,LOC_Os05g32880,LOC_Os02g10360,LOC_Os02g14490
M_242,regulation of nitrogen compound metabolic process,LOC_Os11g31340,LOC_Os02g45670,LOC_Os07g31410,LOC_Os01g11200 
M_243,tryptophanyl-tRNA aminoacylation,LOC_Os08g02996,LOC_Os07g29410,LOC_Os01g54020
M_244,No enrichment function,LOC_Os03g02960,LOC_Os05g31000,LOC_Os01g71230
M_245,transcription DNA-dependent,LOC_Os03g05760,LOC_Os02g09830,LOC_Os02g35770
M_246,post-translational protein modification,LOC_Os03g57790,LOC_Os05g08960,LOC_Os07g07240
M_247,No enrichment function,LOC_Os11g41820,LOC_Os05g48960,LOC_Os09g31482
M_248,No enrichment function,LOC_Os08g28710,LOC_Os08g39450,LOC_Os02g16830
M_249,translational elongation,LOC_Os07g42300,LOC_Os03g29260,LOC_Os07g46750
M_250,No enrichment function,LOC_Os06g51220,LOC_Os10g41310,LOC_Os07g12150
M_251,protein ADP-ribosylation,LOC_Os03g46650,LOC_Os02g04520,LOC_Os05g26890
M_252,tRNA modification,LOC_Os03g25450,LOC_Os05g42300,LOC_Os07g44190
M_253,transcription from RNA polymerase II promoter,LOC_Os05g01710,LOC_Os05g22670,LOC_Os01g73890
M_254,No enrichment function,LOC_Os06g33710,LOC_Os07g22600,LOC_Os02g15550
M_255,metallo-sulfur cluster assembly,LOC_Os03g21490,LOC_Os01g03650,LOC_Os01g61400
M_256,No enrichment function,LOC_Os02g51330,LOC_Os04g44810,LOC_Os12g05810
M_257,No enrichment function,LOC_Os12g04940,LOC_Os01g21940,LOC_Os11g04950
M_258,No enrichment function,LOC_Os02g39890,LOC_Os03g22570,LOC_Os03g17010
M_259,No enrichment function,LOC_Os03g25260,LOC_Os08g09320,LOC_Os01g16414
M_260,No enrichment function,LOC_Os02g03740,LOC_Os07g01020,LOC_Os10g01080
M_261,vesicle-mediated transport,LOC_Os02g56270,LOC_Os03g02150,LOC_Os12g10560
M_262,transcription DNA-dependent,LOC_Os09g35790,LOC_Os04g48030,LOC_Os08g09690
M_263,No enrichment function,LOC_Os06g37660,LOC_Os02g12580,LOC_Os03g55270
M_264,No enrichment function,LOC_Os05g01090,LOC_Os08g39080,LOC_Os01g01720
M_265,response to stimulus,LOC_Os03g03910,LOC_Os02g02400,LOC_Os06g51150
M_266,No enrichment function,LOC_Os07g47630,LOC_Os08g37960,LOC_Os05g30140
M_267,regulation of translational initiation,LOC_Os03g08450,LOC_Os05g13950,LOC_Os01g12870
M_268,No enrichment function,LOC_Os08g09240,LOC_Os07g32800,LOC_Os04g53240
M_269,No enrichment function,LOC_Os05g05150,LOC_Os05g37980,LOC_Os01g14610
M_270,translation,LOC_Os03g63690,LOC_Os10g32920,LOC_Os02g56960
M_271,No enrichment function,LOC_Os08g44370,LOC_Os09g39440,LOC_Os03g31170
M_272,No enrichment function,LOC_Os02g38300,LOC_Os01g46932,LOC_Os01g59800
M_273,RNA splicing,LOC_Os03g49430,LOC_Os03g59700,LOC_Os07g38420
M_274,ubiquitin-dependent protein process,LOC_Os02g47870,LOC_Os04g55030,LOC_Os08g07400
M_275,No enrichment function,LOC_Os02g49360,LOC_Os06g12990,LOC_Os03g53530
M_276,ribonucleoside triphosphate metabolic process,LOC_Os03g63410,LOC_Os06g45120,LOC_Os02g07870
M_277,regulation of translational initiation,LOC_Os04g02150,LOC_Os04g25360,LOC_Os04g25990
M_278,proline biosynthetic process,LOC_Os01g62900,LOC_Os05g38150,LOC_Os08g29570
M_279,tyrosine biosynthetic process,LOC_Os06g35050,LOC_Os06g49505,LOC_Os06g49520
M_280,branched-chain amino acid biosynthetic process,LOC_Os02g30630,LOC_Os04g31960,LOC_Os04g32010
M_281,threonine biosynthetic process,LOC_Os03g55280,LOC_Os04g41490,LOC_Os07g29420
M_282,valyl-tRNA aminoacylation,LOC_Os03g02100,LOC_Os03g48850,LOC_Os10g36210
M_283,No enrichment function,LOC_Os11g02760,LOC_Os12g02730,LOC_Os11g02774
M_284,inner mitochondrial membrane organization,LOC_Os02g45820,LOC_Os08g42380,LOC_Os11g03710
M_285,No enrichment function,LOC_Os02g12740,LOC_Os11g28980,LOC_Os04g32950
M_286,metabolic process,LOC_Os01g05490,LOC_Os01g62420,LOC_Os09g36450
M_287,DNA duplex unwinding,LOC_Os04g52960,LOC_Os08g05840,LOC_Os08g09350
M_288,No enrichment function,LOC_Os08g07960,LOC_Os03g22690,LOC_Os01g44394
M_289,autophagy,LOC_Os01g48920,LOC_Os02g55340,LOC_Os03g44200
M_290,cell cycle phase,LOC_Os01g67740,LOC_Os07g46540,LOC_Os01g34870
M_291,No enrichment function,LOC_Os01g59750,LOC_Os06g45660,LOC_Os03g20630
M_292,nucleosome organization,LOC_Os03g06670,LOC_Os10g28230,LOC_Os03g53190
M_293,glutathione metabolic process,LOC_Os11g42350,LOC_Os12g34380,LOC_Os12g16200
M_294,No enrichment function,LOC_Os01g65220,LOC_Os05g32580,LOC_Os03g58060
M_295,protein transport,LOC_Os03g18500,LOC_Os03g61019,LOC_Os12g38310
M_296,No enrichment function,LOC_Os05g44400,LOC_Os03g45750,LOC_Os03g33090
M_297,No enrichment function,LOC_Os01g10610,LOC_Os08g38210,LOC_Os01g15350
M_298,regulation of cellular biosynthetic process,LOC_Os04g45940,LOC_Os01g60270,LOC_Os04g58190
M_299,regulation of transcription DNA-dependent,LOC_Os01g46970,LOC_Os02g16680,LOC_Os08g42550
M_300,regulation of transcription,LOC_Os05g41780,LOC_Os04g52090,LOC_Os01g65370
M_301,transcription DNA-dependent,LOC_Os10g38834,LOC_Os03g55610,LOC_Os04g54900
M_302,regulation of RNA metabolic process,LOC_Os01g67410,LOC_Os11g19060,LOC_Os01g14720
M_303,No enrichment function,LOC_Os01g15460,LOC_Os06g19444,LOC_Os04g31804
M_304,nitrogen compound metabolic process,LOC_Os12g23090,LOC_Os11g19030,LOC_Os06g10600
M_305,RNA metabolic process,LOC_Os07g40780,LOC_Os09g39850,LOC_Os06g22760
M_306,No enrichment function,LOC_Os10g41200,LOC_Os08g06110,LOC_Os01g15900
M_307,transcription DNA-dependent,LOC_Os05g03860,LOC_Os06g45140,LOC_Os12g37410
M_308,regulation of cellular biosynthetic process,LOC_Os01g47670,LOC_Os12g39850,LOC_Os06g01860
M_309,No enrichment function,LOC_Os01g10370,LOC_Os03g43730,LOC_Os09g13680
M_310,regulation of nitrogen compound metabolic process,LOC_Os03g43930,LOC_Os12g41860,LOC_Os11g06010
M_311,transcription DNA-dependent,LOC_Os05g10620,LOC_Os12g03050,LOC_Os11g03370
M_312,No enrichment function,LOC_Os06g04010,LOC_Os02g34630,LOC_Os02g23823
M_313,No enrichment function,LOC_Os03g26210,LOC_Os03g29614,LOC_Os03g46790
M_314,transcription DNA-dependent ,LOC_Os02g15350 ,LOC_Os02g35690 ,LOC_Os09g31300 
